TCGplayer Id,Product Line,Set Name,Product Name,Title,Number,Rarity,Condition,TCG Market Price,TCG Direct Low,TCG Low Price,Pending Quantity,Total Quantity,Add to Quantity,TCG Marketplace Price,My Store Reserve Quantity,My Store Price,Photo URL,Rs,Rc,Value,Card ID
567743,YuGiOh,Ancient Prophecy,Skill Successor,,ANPR-EN063,Super Rare,Lightly Played Unlimited,0.96,0,0,0,,1,0.96,,,,0.00620372360572,0.378000020981,"('ANPR',)",9d7632ba00434b9b944fae0598b88a85
567850,YuGiOh,Ancient Sanctuary,Burst Stream of Destruction,,AST-038,Ultra Rare,Lightly Played Unlimited,6.51,0,0,0,,4,6.51,,,,0.00195396668278,0.71899998188,"('AST',)",f00f846c072a46c5b3e1a2de08c666af
567861,YuGiOh,Ancient Sanctuary,Dust Barrier,,AST-087,Common,Lightly Played Unlimited,0.13,0,0,0,,1,0.13,,,,0.0628973469138,0.0960000157356,"('AST',)",79e3b4c2dfc9443489274d7fb9e09e07
1105772,YuGiOh,Battle Pack 2: War of the Giants,Premature Burial,,BP02-EN135,Rare,Lightly Played Unlimited,0.39,0,0,0,,1,0.39,,,,0.0137870516628,0.550000011921,"('BP02',)",8f621b9c02b349dc91ca8578eb6bb175
1274179,YuGiOh,Duelist League Promo,Gold Sarcophagus (Blue),,DL18-EN011,Rare,Lightly Played Unlimited,3.0,0,0,0,,1,3.0,,,,0.0069947107695,0.42199999094,"('DL18',)",aae80a628f4e44888409d0d0c6937c75
3003774,YuGiOh,Dimension of Chaos,D/D Savant Kepler,,DOCS-EN092,Common,Lightly Played 1st Edition,0.38,0,0,0,,1,0.38,,,,0.0165731739253,0.458999991417,"('DOCS',)",5f3b40cf165b40e995d14c5e378ca2dd
570047,YuGiOh,Duelist Pack 5: Aster Phoenix,Misfortune,,DP05-EN014,Common,Lightly Played Unlimited,0.2,0,0,0,,1,0.2,,,,0.0440759696066,0.20300000906,"('DP05',)",1e78529c37ef46a1b2f86ad1e0041126
537175,YuGiOh,Duelist Pack 9: Yusei 2,Slip Summon,,DP09-EN028,Common,Lightly Played 1st Edition,0.12,0,0,0,,1,0.12,,,,0.115318730474,0.322000026703,"('DP09',)",aab9775ed89547929c5bd24f55b84927
1251090,YuGiOh,Duelist Alliance,Shaddoll Core,,DUEA-EN073,Super Rare,Lightly Played 1st Edition,1.02,0,0,0,,1,1.02,,,,0.00633650273085,0.0529999732971,"('DUEA',)",4f217c8fd0fc4569aebaae2780d16f9c
4160935,YuGiOh,Duel Power,Hieratic Seal of the Heavenly Spheres,,DUPO-EN027,Ultra Rare,Lightly Played Unlimited,0.37,0,0,0,,1,0.37,,,,0.0743289813399,0.638000011444,"('DUPO',)",afd3a97920854728ba3d3173a0f83c3a
7802877,YuGiOh,25th Anniversary Ultimate Kaiba Set,Blue-Eyes Ultimate Dragon,,KC01-EN033,Ultra Rare,Lightly Played Unlimited,13.06,0,0,0,,3,13.06,,,,0.0222794543952,0.676999986172,"('KC01',)",776d01539cda43028af67d26085b031b
3746188,YuGiOh,Legendary Collection Kaiba,Blue-Eyes Twin Burst Dragon,,LCKC-EN058,Ultra Rare,Lightly Played Unlimited,0.85,0,0,0,,3,0.85,,,,0.0424082130194,0.244000017643,"('LCKC',)",ab2a5f9eaa2640cfb5768114dad639c1
3513408,YuGiOh,Legendary Dragon Decks,Storming Mirror Force,,LEDD-ENB22,Common,Lightly Played 1st Edition,0.5,0,0,0,,1,0.5,,,,0.00403123116121,0.458000004292,"('LEDD',)",45e47107950940f2829900112bbcdeb6
575146,YuGiOh,The Legend of Blue Eyes White Dragon,Blue-Eyes White Dragon,,LOB-001,Ultra Rare,Lightly Played Unlimited,89.9,0,0,0,,1,89.9,,,,0.000731166917831,0.412999987602,"('LOB',)",849810f9e3cb4608b4baa432d7dc7de5
542320,YuGiOh,The Legend of Blue Eyes White Dragon,Forest,,LOB-046,Common,Lightly Played 1st Edition,2.73,0,0,0,,1,2.73,,,,1,0.598999977112,"('LOB',)",12ee21439a54472ca15554f6e6bd5fd4
572083,YuGiOh,Light of Destruction,Glorious Illusion,,LODT-EN071,Rare,Lightly Played Unlimited,0.71,0,0,0,,1,0.71,,,,0.0049903714098,0.532999992371,"('LODT',)",803d63a6ed9042e3a5578db515537949
4531607,YuGiOh,2020 Tin of Lost Memories,Destined Rivals,,MP20-EN248,Ultra Rare,Lightly Played 1st Edition,1.55,0,0,0,,1,1.55,,,,0.0126400087029,0.564999997616,"('MP20',)",aab949fec3774bd39066a4bcaeafd1a2
572222,YuGiOh,Magic Ruler,Hiro's Shadow Scout,,MRL-024,Rare,Lightly Played Unlimited,0.31,0,0,0,,1,0.31,,,,0.0486229918897,0.411000013351,"('MRL',)",4ca65d9d542d4ecdac6e3c39e7bd603f
4478810,YuGiOh,OTS Tournament Pack 13,Bottomless Trap Hole,,OP13-EN022,Common,Lightly Played Unlimited,0.4,0,0,0,,1,0.4,,,,0.155161947012,0.454999983311,"('OP13',)",1ea1f7b963a54542945d8a59958e3c02
4782733,YuGiOh,OTS Tournament Pack 15,D.D.R. - Different Dimension Reincarnation,,OP15-EN017,Common,Lightly Played Unlimited,0.74,0,0,0,,1,0.74,,,,0.233110040426,0.416000008583,"('OP15',)",489d8fc38bef4ab5a1f088e77e7de381
7986963,YuGiOh,OTS Tournament Pack 25,Fusion Tag,,OP25-EN011,Super Rare,Lightly Played Unlimited,0.24,0,0,0,,1,0.24,,,,0.0276615060866,0.316999971867,"('OP25',)",3442737745f243b18837dbcf62da5a80
572959,YuGiOh,Power of the Duelist,Overload Fusion,,POTD-EN042,Rare,Lightly Played Unlimited,0.55,0,0,0,,1,0.55,,,,0.000185741882888,0.430999994278,"('POTD',)",7870e84a9e99403fbb3ca2c580fdd04e
572771,YuGiOh,Pharaoh's Servant,Red-Moon Baby,,PSV-090,Rare,Lightly Played Unlimited,0.17,0,0,0,,1,0.17,,,,0.104186877608,0.476000010967,"('PSV',)",b4a8918882614cc0b6fcc51fefb5a32d
574531,YuGiOh,Structure Deck: Machine Re-Volt,Machine Duplication,,SD10-EN029,Common,Lightly Played Unlimited,0.18,0,0,0,,1,0.18,,,,0.123272910714,0.611999988556,"('SD10',)",9ea602c315bd4df5a041694607c2b9ab
574532,YuGiOh,Structure Deck: Machine Re-Volt,Pot of Avarice,,SD10-EN030,Common,Lightly Played Unlimited,0.72,0,0,0,,1,0.72,,,,0.114985510707,0.426999986172,"('SD10',)",47aa9078de4d45408ec770fb5bc74eb3
574535,YuGiOh,Structure Deck: Machine Re-Volt,Sakuretsu Armor,,SD10-EN033,Common,Lightly Played Unlimited,0.51,0,0,0,,2,0.51,,,,0.0715928077698,0.652999997139,"('SD10',)",40050f3e01e243d3809090f6011bc265
541774,YuGiOh,Structure Deck: Warrior's Triumph,Divine Sword - Phoenix Blade,,SD5-EN018,Common,Lightly Played 1st Edition,0.38,0,0,0,,1,0.38,,,,0.197117120028,0.518999993801,"('SD5',)",0dd3d6f276394d29aee2d9f9fd5cc775
5484583,YuGiOh,Structure Deck: Albaz Strike,Albion the Branded Dragon,,SDAZ-EN046,Common,Lightly Played 1st Edition,0.26,0,0,0,,2,0.26,,,,0.206150650978,0.536000013351,"('SDAZ',)",f8394b3bf2454f2eb3d83877ea53da59
5484378,YuGiOh,Structure Deck: Albaz Strike,Albion the Shrouded Dragon,,SDAZ-EN005,Common,Lightly Played 1st Edition,0.16,0,0,0,,1,0.16,,,,0.120123922825,0.416999995708,"('SDAZ',)",8249b42045f544098391fc0dda202a66
5484608,YuGiOh,Structure Deck: Albaz Strike,Aluber the Dogmatic,,SDAZ-EN051,Common,Lightly Played 1st Edition,0.19,0,0,0,,3,0.19,,,,1,0.662999987602,"('SDAZ',)",df0eb7df1b5e4bf484f269b208029749
5484408,YuGiOh,Structure Deck: Albaz Strike,Artifact Scythe,,SDAZ-EN011,Common,Lightly Played 1st Edition,0.15,0,0,0,,1,0.15,,,,0.365800857544,0.500999987125,"('SDAZ',)",abf141822e034a68a1d7a7a418430d59
5484418,YuGiOh,Structure Deck: Albaz Strike,Black Dragon Collapserpent,,SDAZ-EN013,Common,Lightly Played 1st Edition,0.11,0,0,0,,1,0.11,,,,0.267066329718,0.379999995232,"('SDAZ',)",d2e2e4f139304c34bf88221f306a4db2
5484548,YuGiOh,Structure Deck: Albaz Strike,Dimensional Barrier,,SDAZ-EN039,Common,Lightly Played 1st Edition,0.27,0,0,0,,1,0.27,,,,0.165183871984,0.464999973774,"('SDAZ',)",912905dd27b34146a0f99f3283a08827
5484373,YuGiOh,Structure Deck: Albaz Strike,Fallen of Albaz,,SDAZ-EN004,Common,Lightly Played 1st Edition,0.1,0,0,0,,1,0.1,,,,0.200560122728,0.550999999046,"('SDAZ',)",0713814479d54507b8b1131cdb3d8c7e
5484438,YuGiOh,Structure Deck: Albaz Strike,Ghost Ogre & Snow Rabbit,,SDAZ-EN017,Common,Lightly Played 1st Edition,0.33,0,0,0,,2,0.33,,,,0.247268125415,0.636000037193,"('SDAZ',)",ce45d827794841c2afeafe01202b8a5c
5484493,YuGiOh,Structure Deck: Albaz Strike,Pot of Extravagance,,SDAZ-EN028,Common,Lightly Played 1st Edition,0.45,0,0,0,,2,0.45,,,,0.211248442531,0.47000002861,"('SDAZ',)",52d1d79deeeb4455916a32e6bbc7394c
5484403,YuGiOh,Structure Deck: Albaz Strike,"Radian, the Multidimensional Kaiju",,SDAZ-EN010,Common,Lightly Played 1st Edition,0.15,0,0,0,,1,0.15,,,,0.18542046845,0.643999993801,"('SDAZ',)",e6cbd365757f44e3899b94535d757075
5484423,YuGiOh,Structure Deck: Albaz Strike,Starliege Seyfert,,SDAZ-EN014,Common,Lightly Played 1st Edition,0.16,0,0,0,,1,0.16,,,,0.317247420549,0.534999966621,"('SDAZ',)",606de8c113c0491ebae5e744d77d3db5
5484603,YuGiOh,Structure Deck: Albaz Strike,The Virtuous Vestals,,SDAZ-EN050,Common,Lightly Played 1st Edition,0.15,0,0,0,,1,0.15,,,,1,0.601999998093,"('SDAZ',)",c6e3c3b0d7464d20b9c24d7c7a095593
5484393,YuGiOh,Structure Deck: Albaz Strike,"Thunder King, the Lightningstrike Kaiju",,SDAZ-EN008,Common,Lightly Played 1st Edition,0.21,0,0,0,,2,0.21,,,,0.265083432198,0.504999995232,"('SDAZ',)",dd3ad0d286364a7f8a7c22310b19345f
5484568,YuGiOh,Structure Deck: Albaz Strike,Titaniklad the Ash Dragon,,SDAZ-EN043,Common,Lightly Played 1st Edition,0.15,0,0,0,,2,0.15,,,,0.231801122427,0.569999992847,"('SDAZ',)",32da8c3433bb4c5b8b7f67d77f4c7a05
5484413,YuGiOh,Structure Deck: Albaz Strike,White Dragon Wyverburster,,SDAZ-EN012,Common,Lightly Played 1st Edition,0.12,0,0,0,,1,0.12,,,,0.249607652426,0.32800000906,"('SDAZ',)",3da85034eaab41eea42f9323e4d5ef03
2829081,YuGiOh,Structure Deck: Saga of Blue-Eyes White Dragon,Compulsory Evacuation Device,,SDBE-EN038,Common,Lightly Played Unlimited,0.21,0,0,0,,1,0.21,,,,0.0677365288138,0.679000020027,"('SDBE',)",47f5b9fc048e4f2286346a4b5e57be1a
2829060,YuGiOh,Structure Deck: Saga of Blue-Eyes White Dragon,Honest,,SDBE-EN017,Common,Lightly Played Unlimited,0.2,0,0,0,,1,0.2,,,,0.114814795554,0.649999976158,"('SDBE',)",ddcbeecfc2a4476ca01e89aedc22a0dc
2829078,YuGiOh,Structure Deck: Saga of Blue-Eyes White Dragon,Kunai with Chain,,SDBE-EN035,Common,Lightly Played Unlimited,0.1,0,0,0,,1,0.1,,,,0.117595851421,0.636000037193,"('SDBE',)",74473ee06bd34a25a812a13e57f90fd9
2829070,YuGiOh,Structure Deck: Saga of Blue-Eyes White Dragon,One for One,,SDBE-EN027,Common,Lightly Played Unlimited,0.49,0,0,0,,1,0.49,,,,0.101243950427,0.564999997616,"('SDBE',)",c59e634d65e94c0494373fb265d865a2
2829061,YuGiOh,Structure Deck: Saga of Blue-Eyes White Dragon,Shining Angel,,SDBE-EN018,Common,Lightly Played Unlimited,0.23,0,0,0,,4,0.23,,,,0.0914101153612,0.649999976158,"('SDBE',)",f7d0dda45fbe4ba498ee3441eb6d8a7d
1133292,YuGiOh,Structure Deck: Saga of Blue-Eyes White Dragon,Silver's Cry,,SDBE-EN020,Common,Lightly Played 1st Edition,0.37,0,0,0,,2,0.37,,,,0.250015109777,0.416999995708,"('SDBE',)",82426cbb7d0f401c9e477d31abcc28c0
2829069,YuGiOh,Structure Deck: Saga of Blue-Eyes White Dragon,White Elephant's Gift,,SDBE-EN026,Common,Lightly Played Unlimited,0.15,0,0,0,,1,0.15,,,,0.107795223594,0.664000034332,"('SDBE',)",00c9319162394c7ba420799b01a33c19
7001931,YuGiOh,Structure Deck: Beware of Traptrix,"Gadarla, the Mystery Dust Kaiju",,SDBT-EN009,Common,Lightly Played 1st Edition,0.16,0,0,0,,3,0.16,,,,0.202159523964,0.738999962807,"('SDBT',)",e8e847dc8de141f9a317e89bb7b426e2
7001956,YuGiOh,Structure Deck: Beware of Traptrix,"Kumongous, the Sticky String Kaiju",,SDBT-EN010,Common,Lightly Played 1st Edition,0.31,0,0,0,,1,0.31,,,,0.194526895881,0.527000010014,"('SDBT',)",db5bc7fe0d3a4601b0805b4c943c592e
7002201,YuGiOh,Structure Deck: Beware of Traptrix,Raigeki,,SDBT-EN025,Common,Lightly Played 1st Edition,1.82,0,0,0,,3,1.82,,,,0.131588876247,0.620000004768,"('SDBT',)",c582c8acea924887824bb726979e8689
7001981,YuGiOh,Structure Deck: Beware of Traptrix,"Retaliating ""C""",,SDBT-EN011,Common,Lightly Played 1st Edition,0.73,0,0,0,,1,0.73,,,,0.267470359802,0.758000016212,"('SDBT',)",7bba8d56e82146daad080b7cd6ab62a0
7001871,YuGiOh,Structure Deck: Beware of Traptrix,Traptrix Nepenthes,,SDBT-EN005,Common,Lightly Played 1st Edition,0.13,0,0,0,,1,0.13,,,,0.266025334597,0.71899998188,"('SDBT',)",12157fb199d04a67b081eca937215558
7002836,YuGiOh,Structure Deck: Beware of Traptrix,Traptrix Vesiculo,,SDBT-EN008,Common,Lightly Played 1st Edition,0.13,0,0,0,,2,0.13,,,,0.15375995636,0.554000020027,"('SDBT',)",4f491b88fc5d4d48a23128bcd0d77653
5819493,YuGiOh,Structure Deck: Legend of the Crystal Beasts,Crystal Promise,,SDCB-EN023,Common,Lightly Played 1st Edition,0.09,0,0,0,,1,0.09,,,,0.180915892124,0.623000025749,"('SDCB',)",79627a4c8d4f44ffa378e614cffc74b3
5819523,YuGiOh,Structure Deck: Legend of the Crystal Beasts,The Melody of Awakening Dragon,,SDCB-EN029,Common,Lightly Played 1st Edition,0.08,0,0,0,,1,0.08,,,,0.212266847491,0.759999990463,"('SDCB',)",a82ee77468b94e6683d6ba7b8c7be7d7
4615258,YuGiOh,Structure Deck: Spirit Charmers,Dimensional Barrier,,SDCH-EN035,Common,Lightly Played 1st Edition,0.22,0,0,0,,3,0.22,,,,0.0717255100608,0.290000021458,"('SDCH',)",5901fd3afe444e4c8e8a218d2e98702b
4615253,YuGiOh,Structure Deck: Spirit Charmers,Metaverse,,SDCH-EN034,Common,Lightly Played 1st Edition,0.2,0,0,0,,5,0.2,,,,0.0466016829014,0.699000000954,"('SDCH',)",98fc08d2594d4771b4b4e56d68c34300
4615213,YuGiOh,Structure Deck: Spirit Charmers,Twin Twisters,,SDCH-EN026,Common,Lightly Played 1st Edition,0.23,0,0,0,,2,0.23,,,,0.180326715112,0.569000005722,"('SDCH',)",5717d420cef94a05b464aea6e13cb2fa
7428357,YuGiOh,Structure Deck: The Crimson King,Absolute King Back Jack,,SDCK-EN016,Common,Lightly Played 1st Edition,0.06,0,0,0,,1,0.06,,,,0.222739264369,0.677999973297,"('SDCK',)",e814df7720fd4ad58035f64377c5e12b
7428442,YuGiOh,Structure Deck: The Crimson King,Absolute Powerforce,,SDCK-EN025,Common,Lightly Played 1st Edition,0.14,0,0,0,,2,0.14,,,,1,0.411000013351,"('SDCK',)",9dc30480a1b2467695f87f3ad2d2ccab
7428407,YuGiOh,Structure Deck: The Crimson King,"Ascator, Dawnwalker",,SDCK-EN021,Common,Lightly Played 1st Edition,0.19,0,0,0,,2,0.19,,,,0.23220577836,0.440999984741,"('SDCK',)",2b78c9dc8ec04918b77ce723615b200f
7428372,YuGiOh,Structure Deck: The Crimson King,Assault Beast,,SDCK-EN018,Common,Lightly Played 1st Edition,0.31,0,0,0,,2,0.31,,,,0.409579336643,0.477999985218,"('SDCK',)",916fea1f364742dbb6c854be017349bd
7428547,YuGiOh,Structure Deck: The Crimson King,Assault Mode Activate,,SDCK-EN039,Common,Lightly Played 1st Edition,0.3,0,0,0,,1,0.3,,,,0.396891921759,0.631999969482,"('SDCK',)",0f91f7c2bdad41c3b357e598766c8434
7428302,YuGiOh,Structure Deck: The Crimson King,Battle Fader,,SDCK-EN010,Common,Lightly Played 1st Edition,0.2,0,0,0,,1,0.2,,,,0.211628600955,0.518999993801,"('SDCK',)",11d0b604511e4c5b800dc6a9293b16d0
7428237,YuGiOh,Structure Deck: The Crimson King,Bone Archfiend,,SDCK-EN003,Common,Lightly Played 1st Edition,3.15,0,0,0,,3,3.15,,,,1,0.712000012398,"('SDCK',)",4c582bcb9bd94eb9ac85f2b29aaee622
7428482,YuGiOh,Structure Deck: The Crimson King,Burning Soul,,SDCK-EN030,Common,Lightly Played 1st Edition,0.12,0,0,0,,1,0.12,,,,0.195475161076,0.621999979019,"('SDCK',)",00740fabad054ee296ed0b6aa97fc0cc
7428267,YuGiOh,Structure Deck: The Crimson King,Creation Resonator,,SDCK-EN005,Common,Lightly Played 1st Edition,0.06,0,0,0,,2,0.06,,,,0.270109534264,0.626999974251,"('SDCK',)",7980e39d809546e1970a7ac60551ad7f
7428447,YuGiOh,Structure Deck: The Crimson King,Crimson Gaia,,SDCK-EN026,Common,Lightly Played 1st Edition,1.78,0,0,0,,6,1.78,,,,1,0.318000018597,"('SDCK',)",8887f1b62b884e2d84c89e9bfa0b87d1
7428282,YuGiOh,Structure Deck: The Crimson King,Crimson Resonator,,SDCK-EN008,Common,Lightly Played 1st Edition,0.21,0,0,0,,3,0.21,,,,0.178969755769,0.492999970913,"('SDCK',)",0c2d5cb2a2e9478a8a9bbe8165ad945e
7428417,YuGiOh,Structure Deck: The Crimson King,Danger! Chupacabra!,,SDCK-EN023,Common,Lightly Played 1st Edition,0.16,0,0,0,,2,0.16,,,,0.162696689367,0.486000001431,"('SDCK',)",10ade5ca4ab34191a0789b1e0499cd9b
7428412,YuGiOh,Structure Deck: The Crimson King,Danger! Nessie!,,SDCK-EN022,Common,Lightly Played 1st Edition,0.23,0,0,0,,2,0.23,,,,0.298676759005,0.597999989986,"('SDCK',)",2ef851c7b685448a83c644eeac33f24c
7428247,YuGiOh,Structure Deck: The Crimson King,Dark Resonator,,SDCK-EN004,Common,Lightly Played 1st Edition,0.13,0,0,0,,3,0.13,,,,0.189286783338,0.628000020981,"('SDCK',)",b8e94e8a5fb1407dbe7dcf0267ebf90f
7428537,YuGiOh,Structure Deck: The Crimson King,Fiendish Chain,,SDCK-EN037,Common,Lightly Played 1st Edition,0.25,0,0,0,,1,0.25,,,,0.182065322995,0.526000022888,"('SDCK',)",81d6880d900443b7ba38dd110798408d
7428492,YuGiOh,Structure Deck: The Crimson King,Fiendish Golem,,SDCK-EN032,Common,Lightly Played 1st Edition,0.14,0,0,0,,1,0.14,,,,1,0.46899998188,"('SDCK',)",e1fad42f70034f49a055efe3bd9074b2
7428397,YuGiOh,Structure Deck: The Crimson King,Fire Ant Ascator,,SDCK-EN020,Common,Lightly Played 1st Edition,0.15,0,0,0,,2,0.15,,,,0.169067904353,0.618999958038,"('SDCK',)",ffcd9021257d412ca562b59064aac25c
7428572,YuGiOh,Structure Deck: The Crimson King,Hot Red Dragon Archfiend Abyss,,SDCK-EN042,Common,Lightly Played 1st Edition,0.15,0,0,0,,3,0.15,,,,0.265241026878,0.443000018597,"('SDCK',)",a2190bd686c542c793dc612cf9ec6fd8
7428582,YuGiOh,Structure Deck: The Crimson King,Hot Red Dragon Archfiend Bane,,SDCK-EN043,Common,Lightly Played 1st Edition,0.07,0,0,0,,3,0.07,,,,0.281948834658,0.480000019073,"('SDCK',)",15b067266d3945c0acb1c70afeefd018
7428512,YuGiOh,Structure Deck: The Crimson King,King's Synchro,,SDCK-EN034,Common,Lightly Played 1st Edition,0.18,0,0,0,,2,0.18,,,,0.195112064481,0.541000008583,"('SDCK',)",8b5c3f23da4e446e90e84b8d3dd86f31
7428352,YuGiOh,Structure Deck: The Crimson King,Magical King Moonstar,,SDCK-EN015,Common,Lightly Played 1st Edition,0.09,0,0,0,,1,0.09,,,,1,0.402000010014,"('SDCK',)",465c5d5320834b919436a550feb39861
7428347,YuGiOh,Structure Deck: The Crimson King,Phantom King Hydride,,SDCK-EN014,Common,Lightly Played 1st Edition,0.14,0,0,0,,1,0.14,,,,0.230949163437,0.56400001049,"('SDCK',)",8e05c9090abe49179e1d9e8601424eca
7428542,YuGiOh,Structure Deck: The Crimson King,Powerful Rebirth,,SDCK-EN038,Common,Lightly Played 1st Edition,0.12,0,0,0,,1,0.12,,,,0.144874051213,0.523999989033,"('SDCK',)",a3ef030499f94f469e0c6689f72808f6
7428382,YuGiOh,Structure Deck: The Crimson King,Psi-Reflector,,SDCK-EN019,Common,Lightly Played 1st Edition,0.32,0,0,0,,2,0.32,,,,0.244032606483,0.529000043869,"('SDCK',)",3ae06f5b15264b948b4ce0111450805d
7428367,YuGiOh,Structure Deck: The Crimson King,Red Dragon Archfiend/Assault Mode,,SDCK-EN017,Common,Lightly Played 1st Edition,0.24,0,0,0,,1,0.24,,,,0.427310317755,0.443000018597,"('SDCK',)",3927efd0f6554c83808ed36f177c69e0
7428597,YuGiOh,Structure Deck: The Crimson King,Red Nova Dragon,,SDCK-EN046,Common,Lightly Played 1st Edition,0.14,0,0,0,,3,0.14,,,,0.28798827529,0.450999975204,"('SDCK',)",ac03a3fcc45f4e10b002d2978000139d
7428517,YuGiOh,Structure Deck: The Crimson King,Red Reign,,SDCK-EN035,Common,Lightly Played 1st Edition,0.11,0,0,0,,2,0.11,,,,0.0975234732032,0.433000028133,"('SDCK',)",ffb3a696d73f4650a0741368bf238c24
7428277,YuGiOh,Structure Deck: The Crimson King,Red Resonator,,SDCK-EN007,Common,Lightly Played 1st Edition,0.16,0,0,0,,1,0.16,,,,0.239141792059,0.574000000954,"('SDCK',)",ce99665e35fe4b928112083904165bc6
7428312,YuGiOh,Structure Deck: The Crimson King,Red Sprinter,,SDCK-EN011,Common,Lightly Played 1st Edition,0.08,0,0,0,,1,0.08,,,,0.272167474031,0.690999984741,"('SDCK',)",6d9eb829f52442038bb0def9f78a0c83
7428327,YuGiOh,Structure Deck: The Crimson King,Red Warg,,SDCK-EN012,Common,Lightly Played 1st Edition,0.06,0,0,0,,1,0.06,,,,0.255084961653,0.651000022888,"('SDCK',)",c0f3d917099e46b5bb2ac30913019e81
7428497,YuGiOh,Structure Deck: The Crimson King,Red Zone,,SDCK-EN033,Common,Lightly Played 1st Edition,0.17,0,0,0,,2,0.17,,,,1,0.504000008106,"('SDCK',)",57970007251945a5a745df8a908bd932
7428462,YuGiOh,Structure Deck: The Crimson King,Resonator Call,,SDCK-EN028,Common,Lightly Played 1st Edition,0.2,0,0,0,,1,0.2,,,,0.204195290804,0.519999980927,"('SDCK',)",1f4ec2bc4bef4925aa2afb4f18960d54
7428477,YuGiOh,Structure Deck: The Crimson King,Resonator Command,,SDCK-EN029,Common,Lightly Played 1st Edition,0.06,0,0,0,,3,0.06,,,,0.164676561952,0.537999987602,"('SDCK',)",e107eaf8cfba479bae85a328c0f72570
7428457,YuGiOh,Structure Deck: The Crimson King,Resonator Engine,,SDCK-EN027,Common,Lightly Played 1st Edition,0.06,0,0,0,,1,0.06,,,,0.280622541904,0.59399998188,"('SDCK',)",f9db63fb5638481eb0923fa41ee65dab
7428562,YuGiOh,Structure Deck: The Crimson King,Scarlight Red Dragon Archfiend,,SDCK-EN041,Common,Lightly Played 1st Edition,0.2,0,0,0,,1,0.2,,,,0.24760350585,0.361000001431,"('SDCK',)",5fefb5cf3ad24b7582022b98131faaa0
7428272,YuGiOh,Structure Deck: The Crimson King,Synkron Resonator,,SDCK-EN006,Common,Lightly Played 1st Edition,0.15,0,0,0,,2,0.15,,,,0.336973667145,0.547999978065,"('SDCK',)",f2f414ee8a6d4dbabd19f7907dff140f
7428552,YuGiOh,Structure Deck: The Crimson King,Terrors of the Overroot,,SDCK-EN040,Common,Lightly Played 1st Edition,0.11,0,0,0,,4,0.11,,,,0.164285078645,0.633000016212,"('SDCK',)",c7b02972e3dc4c1e9b3e0dc8f87f41db
7428527,YuGiOh,Structure Deck: The Crimson King,Time to Stand Up,,SDCK-EN036,Common,Lightly Played 1st Edition,0.09,0,0,0,,2,0.09,,,,0.114921756089,0.506000041962,"('SDCK',)",4be4398078924fd68cc41ceb37b4a7f5
7428287,YuGiOh,Structure Deck: The Crimson King,Vice Dragon,,SDCK-EN009,Common,Lightly Played 1st Edition,0.06,0,0,0,,1,0.06,,,,0.189610078931,0.45300000906,"('SDCK',)",9ca1493bf789430b8f54c1c097c5c2b7
7428342,YuGiOh,Structure Deck: The Crimson King,Wandering King Wildwind,,SDCK-EN013,Common,Lightly Played 1st Edition,0.15,0,0,0,,3,0.15,,,,0.234067320824,0.592000007629,"('SDCK',)",086da460fe1540cabf4255d2cee8d772
7428427,YuGiOh,Structure Deck: The Crimson King,Witch of the Black Forest,,SDCK-EN024,Common,Lightly Played 1st Edition,0.11,0,0,0,,3,0.11,,,,0.104648768902,0.605000019073,"('SDCK',)",472a7557e0d843449684be80c9e8cf5c
3528839,YuGiOh,Structure Deck: Cyberse Link,Balancer Lord,,SDCL-EN005,Common,Lightly Played 1st Edition,0.36,0,0,0,,5,0.36,,,,0.181302532554,0.559000015259,"('SDCL',)",41bb823f5dc34dcfb5678742b738af51
3528849,YuGiOh,Structure Deck: Cyberse Link,Boot Staggered,,SDCL-EN007,Common,Lightly Played 1st Edition,0.53,0,0,0,,2,0.53,,,,0.309554219246,0.585999965668,"('SDCL',)",ffa9fce0632d4925a885a04d8b231a4c
3528889,YuGiOh,Structure Deck: Cyberse Link,Card Trooper,,SDCL-EN015,Common,Lightly Played 1st Edition,0.2,0,0,0,,1,0.2,,,,0.116310447454,0.621999979019,"('SDCL',)",92cc9d716621478fabdf6e9d5b31397f
3528909,YuGiOh,Structure Deck: Cyberse Link,Crane Crane,,SDCL-EN018,Common,Lightly Played 1st Edition,0.23,0,0,0,,2,0.23,,,,0.209822535515,0.68700003624,"('SDCL',)",af8d0475a90d4ac18bc9d03ea53b67ad
3528949,YuGiOh,Structure Deck: Cyberse Link,D.D.R. - Different Dimension Reincarnation,,SDCL-EN026,Common,Lightly Played 1st Edition,0.63,0,0,0,,4,0.63,,,,0.242990285158,0.601999998093,"('SDCL',)",15639853a74943de93bde7a9aa24ecea
3528894,YuGiOh,Structure Deck: Cyberse Link,Debris Dragon,,SDCL-EN016,Common,Lightly Played 1st Edition,0.78,0,0,0,,3,0.78,,,,0.211625099182,0.416000008583,"('SDCL',)",6290084440c64403a5a8ca5224b29f19
3529014,YuGiOh,Structure Deck: Cyberse Link,Dimensional Barrier,,SDCL-EN039,Common,Lightly Played 1st Edition,0.31,0,0,0,,2,0.31,,,,0.0903856679797,0.574000000954,"('SDCL',)",bfee44ea9aaf4114b11b0277850155f0
3528824,YuGiOh,Structure Deck: Cyberse Link,Dotscaper,,SDCL-EN002,Common,Lightly Played 1st Edition,0.16,0,0,0,,2,0.16,,,,0.196960091591,0.40600001812,"('SDCL',)",1ebf600c8a454ee690ccb56d6e5704ca
3528924,YuGiOh,Structure Deck: Cyberse Link,Glow-Up Bulb,,SDCL-EN021,Common,Lightly Played 1st Edition,1.14,0,0,0,,1,1.14,,,,0.344105809927,0.592000007629,"('SDCL',)",a4a876a10f3541eea4bd3b0afc82bde9
3528919,YuGiOh,Structure Deck: Cyberse Link,Jester Confit,,SDCL-EN020,Common,Lightly Played 1st Edition,1.47,0,0,0,,3,1.47,,,,0.349264532328,0.529000043869,"('SDCL',)",22a87a4de3534667967e9b4aa4272b50
3528929,YuGiOh,Structure Deck: Cyberse Link,Kinka-byo,,SDCL-EN022,Common,Lightly Played 1st Edition,0.25,0,0,0,,2,0.25,,,,0.349210262299,0.492999970913,"('SDCL',)",902f6060479a4b7aa6a6f0b2295e3ccb
3528899,YuGiOh,Structure Deck: Cyberse Link,Mathematician,,SDCL-EN017,Common,Lightly Played 1st Edition,0.18,0,0,0,,1,0.18,,,,0.169103190303,0.756999969482,"('SDCL',)",16be51e6d3114e40be7ab79038b16a32
3528969,YuGiOh,Structure Deck: Cyberse Link,Moon Mirror Shield,,SDCL-EN030,Common,Lightly Played 1st Edition,0.93,0,0,0,,3,0.93,,,,0.106850706041,0.588999986649,"('SDCL',)",102ac3916f0242749051201bb815cf89
3528939,YuGiOh,Structure Deck: Cyberse Link,Soul Charge,,SDCL-EN024,Common,Lightly Played 1st Edition,0.42,0,0,0,,1,0.42,,,,0.050119780004,0.547999978065,"('SDCL',)",8560754f9895429aa46c4b5f7efc7f10
3528884,YuGiOh,Structure Deck: Cyberse Link,Summoner Monk,,SDCL-EN014,Common,Lightly Played 1st Edition,0.12,0,0,0,,3,0.12,,,,0.135381430387,0.692999958992,"('SDCL',)",0e9b02e360c242dca75f307c8ddcc5e6
3528879,YuGiOh,Structure Deck: Cyberse Link,Tragoedia,,SDCL-EN013,Common,Lightly Played 1st Edition,0.45,0,0,0,,2,0.45,,,,0.171952188015,0.402999997139,"('SDCL',)",5f3b94ba51c24225a591865275e184e9
1168151,YuGiOh,Structure Deck: Cyber Dragon Revolution,Armored Cybern,,SDCR-EN011,Common,Lightly Played 1st Edition,0.16,0,0,0,,1,0.16,,,,0.172788366675,0.480000019073,"('SDCR',)",4aab2354093c43e7875ff80a3492006a
3919437,YuGiOh,Structure Deck: Cyber Dragon Revolution,Cyber Dragon (Black),,SDCR-EN003,Common,Lightly Played Unlimited,0.32,0,0,0,,1,0.32,,,,0.120561853051,0.185000002384,"('SDCR',)",a9e9120da5f54109a575ddbc869647cf
3919452,YuGiOh,Structure Deck: Cyber Dragon Revolution,Cyber Dragon Drei,,SDCR-EN002,Super Rare,Lightly Played Unlimited,0.23,0,0,0,,1,0.23,,,,0.0621420256793,0.401000022888,"('SDCR',)",5d72956531774fe7b02cd6e93bfbcbfb
3919482,YuGiOh,Structure Deck: Cyber Dragon Revolution,Cyber Network,,SDCR-EN029,Common,Lightly Played Unlimited,0.11,0,0,0,,1,0.11,,,,0.0519529953599,0.430999994278,"('SDCR',)",41c3faeb69b249009698ddd7ab25560d
3919537,YuGiOh,Structure Deck: Cyber Dragon Revolution,Limiter Removal,,SDCR-EN023,Common,Lightly Played Unlimited,0.14,0,0,0,,1,0.14,,,,0.0246892869473,0.495999991894,"('SDCR',)",3b9a99f3231f47ca81371c4b14f99b1c
5236297,YuGiOh,Structure Deck: Cyber Strike,Attachment Cybern,,SDCS-EN001,Common,Lightly Played 1st Edition,0.18,0,0,0,,2,0.18,,,,1,0.511999964714,"('SDCS',)",2313e5974e31480c9f568ea99256b969
5236542,YuGiOh,Structure Deck: Cyber Strike,Chimeratech Overdragon,,SDCS-EN042,Common,Lightly Played 1st Edition,0.19,0,0,0,,2,0.19,,,,0.155925154686,0.48400002718,"('SDCS',)",8b4aefdb54da4fee96ca283468acf4ba
5236317,YuGiOh,Structure Deck: Cyber Strike,Cyber Dragon,,SDCS-EN003,Common,Lightly Played 1st Edition,0.27,0,0,0,,1,0.27,,,,0.0951779708266,0.524999976158,"('SDCS',)",91b05e6056b04c53854ba6175b14b54a
5236337,YuGiOh,Structure Deck: Cyber Strike,Cyber Dragon Drei,,SDCS-EN005,Common,Lightly Played 1st Edition,0.18,0,0,0,,1,0.18,,,,0.105411872268,0.526000022888,"('SDCS',)",d246d975bccd470692c96c267cb60419
5236347,YuGiOh,Structure Deck: Cyber Strike,Cyber Dragon Vier,,SDCS-EN006,Common,Lightly Played 1st Edition,0.2,0,0,0,,3,0.2,,,,0.128311738372,0.54699999094,"('SDCS',)",b97b4ac2bf424a3c9d0b354ff94cff87
5236327,YuGiOh,Structure Deck: Cyber Strike,Cyber Dragon Zwei,,SDCS-EN004,Common,Lightly Played 1st Edition,0.13,0,0,0,,3,0.13,,,,0.0353433638811,0.490999996662,"('SDCS',)",cdf3f3595a2d4ba9b5b587f4575d3cd0
5236392,YuGiOh,Structure Deck: Cyber Strike,Cyber Phoenix,,SDCS-EN012,Common,Lightly Played 1st Edition,0.13,0,0,0,,1,0.13,,,,0.147673264146,0.384000003338,"('SDCS',)",85d7ddb68b70441fa27bf89167e5f35b
5236452,YuGiOh,Structure Deck: Cyber Strike,Cyber Repair Plant,,SDCS-EN024,Common,Lightly Played 1st Edition,0.22,0,0,0,,1,0.22,,,,0.262322694063,0.652000010014,"('SDCS',)",3f40422b61ed4e889d4bcd9ab67c89b9
5236412,YuGiOh,Structure Deck: Cyber Strike,Cyberdark Cannon,,SDCS-EN016,Common,Lightly Played 1st Edition,0.15,0,0,0,,5,0.15,,,,0.205346181989,0.710999965668,"('SDCS',)",f6a7d646951f4f02bd9b3aa4f3b45bdc
5236417,YuGiOh,Structure Deck: Cyber Strike,Cyberdark Claw,,SDCS-EN017,Common,Lightly Played 1st Edition,0.29,0,0,0,,2,0.29,,,,0.201554000378,0.587999999523,"('SDCS',)",9f62f59139e04d068076f93d0f17e088
5236402,YuGiOh,Structure Deck: Cyber Strike,Cyberdark Edge,,SDCS-EN014,Common,Lightly Played 1st Edition,0.16,0,0,0,,1,0.16,,,,0.146787300706,0.47000002861,"('SDCS',)",c58fe96a7af54c4ca0347384b268db62
5236472,YuGiOh,Structure Deck: Cyber Strike,Cyberdark Inferno,,SDCS-EN028,Common,Lightly Played 1st Edition,0.1,0,0,0,,1,0.1,,,,0.137088879943,0.516999959946,"('SDCS',)",af54910b794e4f59bcadaf7a67dbdfe0
5236502,YuGiOh,Structure Deck: Cyber Strike,Cyberdark Invasion,,SDCS-EN034,Common,Lightly Played 1st Edition,0.14,0,0,0,,1,0.14,,,,1,0.564999997616,"('SDCS',)",37cd591ed38d44f1a63b28f28253e9f2
5236532,YuGiOh,Structure Deck: Cyber Strike,Cybernetic Overflow,,SDCS-EN040,Common,Lightly Played 1st Edition,0.12,0,0,0,,2,0.12,,,,0.0799943953753,0.438000023365,"('SDCS',)",c0ce287d13f6473a96c7cafd690d9615
5236477,YuGiOh,Structure Deck: Cyber Strike,Future Fusion,,SDCS-EN029,Common,Lightly Played 1st Edition,0.27,0,0,0,,1,0.27,,,,0.11105247587,0.516000032425,"('SDCS',)",093b62e0aced46b3baf22eed46c8893c
5236432,YuGiOh,Structure Deck: Cyber Strike,"Gizmek Orochi, the Serpentron Sky Slasher",,SDCS-EN020,Common,Lightly Played 1st Edition,0.06,0,0,0,,1,0.06,,,,0.165402919054,0.333000004292,"('SDCS',)",6a57e298a78a412e8a5ed4d669d21388
5236567,YuGiOh,Structure Deck: Cyber Strike,Power Bond,,SDCS-EN047,Common,Lightly Played 1st Edition,0.22,0,0,0,,1,0.22,,,,0.200803592801,0.590999960899,"('SDCS',)",fffe3e29483d498cab5747d3c15424fe
5236517,YuGiOh,Structure Deck: Cyber Strike,Power Wall,,SDCS-EN037,Common,Lightly Played 1st Edition,0.11,0,0,0,,1,0.11,,,,0.163350045681,0.636999964714,"('SDCS',)",27b48d8763204feb8e023776c5820407
765574,YuGiOh,Structure Deck: Dragons Collide,Burst Breath,,SDDC-EN037,Common,Lightly Played 1st Edition,0.24,0,0,0,,1,0.24,,,,0.0891302600503,0.68700003624,"('SDDC',)",17eec9244fc043c1a0639d545f4ad870
765587,YuGiOh,Structure Deck: Dragons Collide,Dark Armed Dragon,,SDDC-EN012,Common,Lightly Played 1st Edition,0.43,0,0,0,,1,0.43,,,,0.29388526082,0.388999998569,"('SDDC',)",d8cfdc2b374d4858bfa7c2f86ff503b1
765601,YuGiOh,Structure Deck: Dragons Collide,Dragon's Rebirth,,SDDC-EN036,Common,Lightly Played 1st Edition,0.41,0,0,0,,2,0.41,,,,0.203920274973,0.648000001907,"('SDDC',)",baa9231d8263499bb261c243b4175640
765739,YuGiOh,Structure Deck: Dragons Collide,"Jain, Lightsworn Paladin",,SDDC-EN020,Common,Lightly Played Unlimited,0.3,0,0,0,,1,0.3,,,,0.0987966805696,0.598999977112,"('SDDC',)",b91c4abb363e4330a6886c777e1ffda2
765588,YuGiOh,Structure Deck: Dragons Collide,Snipe Hunter,,SDDC-EN018,Common,Lightly Played 1st Edition,0.38,0,0,0,,2,0.38,,,,0.106863170862,0.643000006676,"('SDDC',)",b624b430cec641ce9dfbcbad6946f6a8
542008,YuGiOh,Structure Deck: The Dark Emperor,Torrential Tribute,,SDDE-EN031,Common,Lightly Played 1st Edition,0.49,0,0,0,,1,0.49,,,,0.101840779185,0.787000000477,"('SDDE',)",3379ce2959174106b3ba842efc5233c6
541841,YuGiOh,Structure Deck: Dragunity Legion,Dragon Ravine,,SDDL-EN021,Common,Lightly Played 1st Edition,1.39,0,0,0,,2,1.39,,,,0.17257463932,0.580999970436,"('SDDL',)",41014a11ca7a4b14bbc2ad6ecd7727ed
541823,YuGiOh,Structure Deck: Dragunity Legion,Dragunity Aklys,,SDDL-EN003,Super Rare,Lightly Played 1st Edition,0.48,0,0,0,,1,0.48,,,,0.301799207926,0.490000009537,"('SDDL',)",342eb8eec3e341c8b8f1d322f8ba3194
541827,YuGiOh,Structure Deck: Dragunity Legion,Dragunity Darkspear,,SDDL-EN007,Common,Lightly Played 1st Edition,0.12,0,0,0,,1,0.12,,,,0.214677512646,0.633000016212,"('SDDL',)",5bb8ed7d135546b48c1e7a0b2a20db27
541824,YuGiOh,Structure Deck: Dragunity Legion,Dragunity Dux,,SDDL-EN004,Common,Lightly Played 1st Edition,0.27,0,0,0,,1,0.27,,,,0.296733111143,0.511000037193,"('SDDL',)",90fbbc375a6a42c0a7c721c59016f72b
541831,YuGiOh,Structure Deck: Dragunity Legion,Dragunity Javelin,,SDDL-EN011,Common,Lightly Played 1st Edition,0.11,0,0,0,,1,0.11,,,,0.204441457987,0.499000012875,"('SDDL',)",513179d96bef4ec482cd8b8e22859ab7
541825,YuGiOh,Structure Deck: Dragunity Legion,Dragunity Legionnaire,,SDDL-EN005,Common,Lightly Played 1st Edition,0.18,0,0,0,,1,0.18,,,,0.124164529145,0.429000020027,"('SDDL',)",aa6e0d5c3f064fbcb38e401db1b8b789
541849,YuGiOh,Structure Deck: Dragunity Legion,Foolish Burial,,SDDL-EN029,Common,Lightly Played 1st Edition,0.36,0,0,0,,1,0.36,,,,0.0606686621904,0.613999962807,"('SDDL',)",adbacf7f833b4d7b9fb9ddb4e104637f
541859,YuGiOh,Structure Deck: Dragunity Legion,Icarus Attack,,SDDL-EN039,Common,Lightly Played 1st Edition,0.97,0,0,0,,2,0.97,,,,0.115857064724,0.67199999094,"('SDDL',)",13c7f4b22e4d44a0a327a0baccffc9bd
541851,YuGiOh,Structure Deck: Dragunity Legion,Windstorm of Etaqua,,SDDL-EN031,Common,Lightly Played 1st Edition,0.2,0,0,0,,1,0.2,,,,0.163292527199,0.513000011444,"('SDDL',)",9c9cdba8fe444fe89cae0062bed3cc7a
4778058,YuGiOh,Structure Deck: Freezing Chains,Fiendish Chain,,SDFC-EN036,Common,Lightly Played 1st Edition,0.28,0,0,0,,1,0.28,,,,0.181886017323,0.677999973297,"('SDFC',)",5c41facd642044ac9402ab99408ed542
4777968,YuGiOh,Structure Deck: Freezing Chains,General Gantala of the Ice Barrier,,SDFC-EN017,Common,Lightly Played 1st Edition,0.11,0,0,0,,1,0.11,,,,0.17673830688,0.43900001049,"('SDFC',)",6cdbbcf0d1704f069ec51b39adb0733d
4777983,YuGiOh,Structure Deck: Freezing Chains,Genex Undine,,SDFC-EN020,Common,Lightly Played 1st Edition,0.28,0,0,0,,1,0.28,,,,0.340630531311,0.496999979019,"('SDFC',)",55bcb21490b74507b362ab8ceecb02bc
4778028,YuGiOh,Structure Deck: Freezing Chains,Magic Triangle of the Ice Barrier,,SDFC-EN029,Common,Lightly Played 1st Edition,0.14,0,0,0,,1,0.14,,,,0.394758701324,0.440999984741,"('SDFC',)",b14d8a07825a4541b2d634af8a488ba2
4777963,YuGiOh,Structure Deck: Freezing Chains,Medium of the Ice Barrier,,SDFC-EN016,Common,Lightly Played 1st Edition,0.21,0,0,0,,1,0.21,,,,0.254357546568,0.48400002718,"('SDFC',)",61bd58b0d90e4d71836323f6b7acd8ce
4777938,YuGiOh,Structure Deck: Freezing Chains,Spellbreaker of the Ice Barrier,,SDFC-EN011,Common,Lightly Played 1st Edition,0.13,0,0,0,,1,0.13,,,,0.168451741338,0.618999958038,"('SDFC',)",570544c0967f46079f58b5a4a77e6d84
4777943,YuGiOh,Structure Deck: Freezing Chains,Strategist of the Ice Barrier,,SDFC-EN012,Common,Lightly Played 1st Edition,0.11,0,0,0,,1,0.11,,,,0.138997197151,0.659000039101,"('SDFC',)",1d6da87086564fb79c2b04a4826a5acc
732904,YuGiOh,Structure Deck: Gates of the Underworld,Battle Fader,,SDGU-EN022,Common,Lightly Played Unlimited,0.5,0,0,0,,2,0.5,,,,0.105229094625,0.669999957085,"('SDGU',)",84832195509d4c6ba45aadcdaf4257f9
732899,YuGiOh,Structure Deck: Gates of the Underworld,"Beiige, Vanguard of Dark World",,SDGU-EN010,Common,Lightly Played Unlimited,0.29,0,0,0,,1,0.29,,,,0.13137871027,0.370000004768,"('SDGU',)",14a48ae6ef8e4bcbb5ab287096d9ffbd
732929,YuGiOh,Structure Deck: Gates of the Underworld,Belial - Marquis of Darkness,,SDGU-EN015,Common,Lightly Played Unlimited,0.14,0,0,0,,1,0.14,,,,0.151412397623,0.697000026703,"('SDGU',)",a4dc1515b26a4cba87403eb1b99bf55d
732921,YuGiOh,Structure Deck: Gates of the Underworld,"Broww, Huntsman of Dark World",,SDGU-EN009,Common,Lightly Played Unlimited,0.37,0,0,0,,1,0.37,,,,0.121663399041,0.519999980927,"('SDGU',)",b107d5fe24324be796c4c9f5e921e95a
732914,YuGiOh,Structure Deck: Gates of the Underworld,"Brron, Mad King of Dark World",,SDGU-EN011,Common,Lightly Played Unlimited,0.11,0,0,0,,1,0.11,,,,0.182365491986,0.26599997282,"('SDGU',)",142c8550074847338c089c1f4bd21212
732908,YuGiOh,Structure Deck: Gates of the Underworld,Card Destruction,,SDGU-EN028,Common,Lightly Played Unlimited,0.34,0,0,0,,1,0.34,,,,0.0939448326826,0.662999987602,"('SDGU',)",7a97f56317a14cff9096c5c7562abf2e
732932,YuGiOh,Structure Deck: Gates of the Underworld,Card Guard,,SDGU-EN021,Common,Lightly Played Unlimited,0.09,0,0,0,,1,0.09,,,,0.130988433957,0.524999976158,"('SDGU',)",14a5bc22da1a41368ee1fd058ae7fd87
732924,YuGiOh,Structure Deck: Gates of the Underworld,Dark World Dealings,,SDGU-EN026,Common,Lightly Played Unlimited,0.43,0,0,0,,1,0.43,,,,0.086676158011,0.495999991894,"('SDGU',)",6349ceba0195411eaacd1717118140de
732898,YuGiOh,Structure Deck: Gates of the Underworld,Deck Devastation Virus,,SDGU-EN033,Common,Lightly Played Unlimited,0.42,0,0,0,,1,0.42,,,,0.0425985641778,0.518000006676,"('SDGU',)",b95925748c5e4f19b7ed53e7583b13ad
732927,YuGiOh,Structure Deck: Gates of the Underworld,Escape from the Dark Dimension,,SDGU-EN038,Common,Lightly Played Unlimited,0.09,0,0,0,,1,0.09,,,,0.0721536576748,0.554000020027,"('SDGU',)",db1f322fc92044ecba1fd46471572fc7
732900,YuGiOh,Structure Deck: Gates of the Underworld,"Goldd, Wu-Lord of Dark World",,SDGU-EN013,Common,Lightly Played Unlimited,0.16,0,0,0,,2,0.16,,,,0.172480210662,0.518000006676,"('SDGU',)",6e3c28ee86614bf4b4237a7ce500b90c
732933,YuGiOh,Structure Deck: Gates of the Underworld,"Kahkki, Guerilla of Dark World",,SDGU-EN007,Common,Lightly Played Unlimited,0.15,0,0,0,,1,0.15,,,,0.173689797521,0.353999972343,"('SDGU',)",538d23846e6741fd94e6575d2be9d739
732915,YuGiOh,Structure Deck: Gates of the Underworld,"Reign-Beaux, Overlord of Dark World",,SDGU-EN014,Common,Lightly Played Unlimited,0.67,0,0,0,,1,0.67,,,,0.14379952848,0.583999991417,"('SDGU',)",c608d1e3c9414ca6b6e3d2275282e043
732923,YuGiOh,Structure Deck: Gates of the Underworld,"Scarr, Scout of Dark World",,SDGU-EN006,Common,Lightly Played Unlimited,0.1,0,0,0,,2,0.1,,,,0.140514209867,0.550000011921,"('SDGU',)",ef132217a4014731b16fd0d41a0d7caa
732925,YuGiOh,Structure Deck: Gates of the Underworld,"Sillva, Warlord of Dark World",,SDGU-EN012,Common,Lightly Played Unlimited,0.21,0,0,0,,1,0.21,,,,0.11843495816,0.34399998188,"('SDGU',)",17f477c5df654d25a48b847cdb688cf6
732922,YuGiOh,Structure Deck: Gates of the Underworld,Terraforming,,SDGU-EN029,Common,Lightly Played Unlimited,0.14,0,0,0,,1,0.14,,,,0.0832691639662,0.618999958038,"('SDGU',)",7896545ccc54475a99817b26f06b253b
732919,YuGiOh,Structure Deck: Gates of the Underworld,The Gates of Dark World,,SDGU-EN023,Common,Lightly Played Unlimited,0.34,0,0,0,,1,0.34,,,,0.0906881690025,0.498000025749,"('SDGU',)",4d97e9dab61f4bb1aac3b5a7987533f6
732934,YuGiOh,Structure Deck: Gates of the Underworld,"Zure, Knight of Dark World",,SDGU-EN004,Common,Lightly Played Unlimited,0.1,0,0,0,,1,0.1,,,,0.133831679821,0.694000005722,"('SDGU',)",881cc987db18493caa10fedd4f7fa67e
4265299,YuGiOh,Structure Deck: HERO Strike,A Hero Lives,,SDHS-EN026,Common,Lightly Played Unlimited,0.11,0,0,0,,3,0.11,,,,0.161273375154,0.699999988079,"('SDHS',)",caa5763a2be9417aab05171a22080e47
4265425,YuGiOh,Structure Deck: HERO Strike,Battleguard Howling,,SDHS-EN040,Common,Lightly Played Unlimited,0.12,0,0,0,,1,0.12,,,,0.176116660237,0.70300000906,"('SDHS',)",e74837f801df4c1ab50e157a01d435d5
4265304,YuGiOh,Structure Deck: HERO Strike,Bottomless Trap Hole,,SDHS-EN038,Common,Lightly Played Unlimited,0.41,0,0,0,,1,0.41,,,,0.0963866561651,0.608999967575,"('SDHS',)",a024c093b10c4e1e89f32dbc79a8010e
4265310,YuGiOh,Structure Deck: HERO Strike,Call of the Haunted,,SDHS-EN037,Common,Lightly Played Unlimited,0.19,0,0,0,,1,0.19,,,,0.058132532984,0.666000008583,"('SDHS',)",0a81c1d7dd4d4bb19c8b1c1c30054ced
4265420,YuGiOh,Structure Deck: HERO Strike,Compulsory Evacuation Device,,SDHS-EN039,Common,Lightly Played Unlimited,0.19,0,0,0,,2,0.19,,,,0.111045978963,0.671000003815,"('SDHS',)",5ea5da1936884547ad199ab48e707676
4265395,YuGiOh,Structure Deck: HERO Strike,E - Emergency Call,,SDHS-EN029,Common,Lightly Played Unlimited,0.47,0,0,0,,2,0.47,,,,0.115658685565,0.476000010967,"('SDHS',)",bb78edaf45884b62b613e08bcc870743
4265330,YuGiOh,Structure Deck: HERO Strike,Elemental HERO Bladedge,,SDHS-EN009,Common,Lightly Played Unlimited,0.12,0,0,0,,2,0.12,,,,0.172810956836,0.733000040054,"('SDHS',)",a98f072ed1d7439e97f2cc2bb9e2bc68
4265335,YuGiOh,Structure Deck: HERO Strike,Elemental HERO Bubbleman,,SDHS-EN012,Common,Lightly Played Unlimited,0.27,0,0,0,,1,0.27,,,,0.11134942621,0.643000006676,"('SDHS',)",f985fab28e9f43099743decc27d1f104
4265340,YuGiOh,Structure Deck: HERO Strike,Elemental HERO Great Tornado,,SDHS-EN045,Common,Lightly Played Unlimited,0.36,0,0,0,,1,0.36,,,,0.125132590532,0.519999980927,"('SDHS',)",fac953921cf64d4c8775ca1c3f118792
4265345,YuGiOh,Structure Deck: HERO Strike,Elemental HERO Heat,,SDHS-EN005,Common,Lightly Played Unlimited,0.34,0,0,0,,1,0.34,,,,0.161797106266,0.389999985695,"('SDHS',)",3201a5e528ab41ddb45489f919b6bb0f
4265350,YuGiOh,Structure Deck: HERO Strike,Elemental HERO Necroshade,,SDHS-EN010,Common,Lightly Played Unlimited,0.25,0,0,0,,2,0.25,,,,0.150136232376,0.598999977112,"('SDHS',)",b63b564e38a942f7a71e4499ce0f60b4
4265380,YuGiOh,Structure Deck: HERO Strike,Elemental HERO Wildheart,,SDHS-EN011,Common,Lightly Played Unlimited,0.18,0,0,0,,3,0.18,,,,0.130777105689,0.555999994278,"('SDHS',)",12cbea14815d4660b7cc4229ba06aab1
4265209,YuGiOh,Structure Deck: HERO Strike,Form Change,,SDHS-EN020,Common,Lightly Played Unlimited,0.37,0,0,0,,1,0.37,,,,0.201051875949,0.557000041008,"('SDHS',)",7dcb7f8a6fc14f9b8431c3b374780a6b
4265214,YuGiOh,Structure Deck: HERO Strike,H - Heated Heart,,SDHS-EN028,Common,Lightly Played Unlimited,0.13,0,0,0,,2,0.13,,,,0.0824939757586,0.476999998093,"('SDHS',)",537636640cc14f00958f19a4ed225773
4265219,YuGiOh,Structure Deck: HERO Strike,Hero Blast,,SDHS-EN036,Common,Lightly Played Unlimited,0.37,0,0,0,,1,0.37,,,,0.140341669321,0.659000039101,"('SDHS',)",60a46234771e43e7bf7a94a850adc163
4265224,YuGiOh,Structure Deck: HERO Strike,Hero Mask,,SDHS-EN027,Common,Lightly Played Unlimited,0.13,0,0,0,,2,0.13,,,,0.116972796619,0.509000003338,"('SDHS',)",645f8d1d87a44a638bdc1a06f0ab21ea
4265229,YuGiOh,Structure Deck: HERO Strike,Hero Signal,,SDHS-EN035,Common,Lightly Played Unlimited,0.14,0,0,0,,1,0.14,,,,0.149225085974,0.68599998951,"('SDHS',)",eadce6e4be8d4768b0e1dad1f4885a4f
4265244,YuGiOh,Structure Deck: HERO Strike,Mask Change,,SDHS-EN022,Common,Lightly Played Unlimited,0.55,0,0,0,,3,0.55,,,,0.130932927132,0.413999974728,"('SDHS',)",193b6c51d5704234b963a3840f11a84c
4265254,YuGiOh,Structure Deck: HERO Strike,Mask Charge,,SDHS-EN021,Common,Lightly Played Unlimited,0.54,0,0,0,,2,0.54,,,,0.166694015265,0.513999998569,"('SDHS',)",e1f3c9abc1ac42b18602478349fce4f7
4265274,YuGiOh,Structure Deck: HERO Strike,Miracle Fusion,,SDHS-EN024,Common,Lightly Played Unlimited,0.33,0,0,0,,3,0.33,,,,0.127799242735,0.534000039101,"('SDHS',)",6f282f7e4ad74c0ea877ac4e68b22f47
4265279,YuGiOh,Structure Deck: HERO Strike,Neo-Spacian Grand Mole,,SDHS-EN013,Common,Lightly Played Unlimited,0.44,0,0,0,,2,0.44,,,,0.180248782039,0.648000001907,"('SDHS',)",553218e386594c19807b708ac4078757
4265405,YuGiOh,Structure Deck: HERO Strike,O - Oversoul,,SDHS-EN031,Common,Lightly Played Unlimited,0.19,0,0,0,,2,0.19,,,,0.108951091766,0.544000029564,"('SDHS',)",9859632036ff4153a391c246852d1e63
4265390,YuGiOh,Structure Deck: HERO Strike,Parallel World Fusion,,SDHS-EN025,Common,Lightly Played Unlimited,0.22,0,0,0,,4,0.22,,,,0.115031525493,0.629999995232,"('SDHS',)",26c4dea6d8b7417ba08dcf74349ff560
4265284,YuGiOh,Structure Deck: HERO Strike,Polymerization,,SDHS-EN023,Common,Lightly Played Unlimited,0.64,0,0,0,,2,0.64,,,,0.095185033977,0.448000013828,"('SDHS',)",ef4213f9e63540c6b6cbd7f7946be367
4265400,YuGiOh,Structure Deck: HERO Strike,R - Righteous Justice,,SDHS-EN030,Common,Lightly Played Unlimited,0.13,0,0,0,,4,0.13,,,,0.108516454697,0.478999972343,"('SDHS',)",a37424bd754c4ef0bdcf3b2790e84b43
4265410,YuGiOh,Structure Deck: HERO Strike,Reinforcement of the Army,,SDHS-EN032,Common,Lightly Played Unlimited,0.25,0,0,0,,1,0.25,,,,0.0214175675064,0.537000000477,"('SDHS',)",dfa266a5298846b68ff89f1c0bdc04d0
4265289,YuGiOh,Structure Deck: HERO Strike,Summoner Monk,,SDHS-EN017,Common,Lightly Played Unlimited,0.19,0,0,0,,1,0.19,,,,0.0797681808472,0.537999987602,"('SDHS',)",ec9c59c5c688450092b0df2e094324f5
3241212,YuGiOh,Structure Deck: Seto Kaiba,Blue-Eyes White Dragon,,SDKS-EN009,Common,Lightly Played 1st Edition,4.45,0,0,0,,1,4.45,,,,0.229182228446,0.638000011444,"('SDKS',)",8548d1b5ae204c1ea72e0559cfc5fb8d
3742958,YuGiOh,Structure Deck: Seto Kaiba,Blue-Eyes White Dragon,,SDKS-EN009,Common,Lightly Played Unlimited,1.05,0,0,0,,3,1.05,,,,0.0944691374898,0.514999985695,"('SDKS',)",505fe5d9505a480f92e8d62e505c0b5e
3241322,YuGiOh,Structure Deck: Seto Kaiba,Crush Card Virus,,SDKS-EN031,Common,Lightly Played 1st Edition,0.42,0,0,0,,1,0.42,,,,0.160273358226,0.346000015736,"('SDKS',)",7ec7f711cc0d441181a2d439b4a51b7b
3241312,YuGiOh,Structure Deck: Seto Kaiba,Frontline Base,,SDKS-EN029,Common,Lightly Played 1st Edition,0.23,0,0,0,,1,0.23,,,,0.263662457466,0.585000038147,"('SDKS',)",118dbc66d6e9439489c34410b81240be
3742953,YuGiOh,Structure Deck: Seto Kaiba,Heavy Mech Support Platform,,SDKS-EN008,Common,Lightly Played Unlimited,0.06,0,0,0,,1,0.06,,,,1,0.671000003815,"('SDKS',)",6d1d149acf204c5b824320a33e317746
3743113,YuGiOh,Structure Deck: Seto Kaiba,Ring of Destruction,,SDKS-EN033,Common,Lightly Played Unlimited,1.47,0,0,0,,1,1.47,,,,0.149062216282,0.458000004292,"('SDKS',)",07ed8f7ffdcf46cda93ab76c90d6d15b
3241267,YuGiOh,Structure Deck: Seto Kaiba,Union Hangar,,SDKS-EN020,Common,Lightly Played 1st Edition,0.26,0,0,0,,2,0.26,,,,0.287635415792,0.552999973297,"('SDKS',)",ee3cfc32503940e28b9333e12a9a19a5
3241227,YuGiOh,Structure Deck: Seto Kaiba,Vampire Lord,,SDKS-EN012,Common,Lightly Played 1st Edition,0.27,0,0,0,,1,0.27,,,,0.262869626284,0.394999980927,"('SDKS',)",cea75385b2734e08a98bcfce04bc5457
1228351,YuGiOh,Structure Deck: Realm of Light,Blackwing - Zephyros the Elite,,SDLI-EN022,Common,Lightly Played 1st Edition,0.22,0,0,0,,1,0.22,,,,0.19731412828,0.610000014305,"('SDLI',)",652e4e2c118b4ec2a8f8ce2593ef4680
1228271,YuGiOh,Structure Deck: Realm of Light,"Celestia, Lightsworn Angel",,SDLI-EN006,Common,Lightly Played 1st Edition,0.29,0,0,0,,1,0.29,,,,0.0416854694486,0.588999986649,"('SDLI',)",1f21a1eba6274e8c88fa27ba38511066
1228276,YuGiOh,Structure Deck: Realm of Light,"Jain, Lightsworn Paladin",,SDLI-EN007,Common,Lightly Played 1st Edition,0.28,0,0,0,,1,0.28,,,,0.00141633488238,0.519999980927,"('SDLI',)",1edfcc6639b0449e93910463da508188
1228281,YuGiOh,Structure Deck: Realm of Light,"Lyla, Lightsworn Sorceress",,SDLI-EN008,Common,Lightly Played 1st Edition,0.32,0,0,0,,1,0.32,,,,0.0367426238954,0.567999958992,"('SDLI',)",d87ad2fe02624f6d902da69810288cc1
541860,YuGiOh,Structure Deck: Lost Sanctuary,Airknight Parshath,,SDLS-EN017,Common,Lightly Played 1st Edition,0.21,0,0,0,,1,0.21,,,,0.236192151904,0.475000023842,"('SDLS',)",746561916750474a97c4ff5ae47fa9ab
541863,YuGiOh,Structure Deck: Lost Sanctuary,Burial from a Different Dimension,,SDLS-EN029,Common,Lightly Played 1st Edition,0.24,0,0,0,,1,0.24,,,,0.139354526997,0.555000007153,"('SDLS',)",ec698d159e744caabc700d48e20542ab
541865,YuGiOh,Structure Deck: Lost Sanctuary,Celestial Transformation,,SDLS-EN028,Common,Lightly Played 1st Edition,0.29,0,0,0,,1,0.29,,,,0.151102557778,0.608999967575,"('SDLS',)",e8b4eb88df53498ab15cda1b10307db0
541867,YuGiOh,Structure Deck: Lost Sanctuary,Divine Punishment,,SDLS-EN033,Common,Lightly Played 1st Edition,0.38,0,0,0,,1,0.38,,,,0.306093364954,0.608000040054,"('SDLS',)",db3b1ac91a08412199601ce913449dbe
541869,YuGiOh,Structure Deck: Lost Sanctuary,Hecatrice,,SDLS-EN014,Common,Lightly Played 1st Edition,0.45,0,0,0,,1,0.45,,,,0.30546054244,0.606000006199,"('SDLS',)",14749445f25548b7b82a053d0b99d38f
541877,YuGiOh,Structure Deck: Lost Sanctuary,Return from the Different Dimension,,SDLS-EN034,Common,Lightly Played 1st Edition,1.13,0,0,0,,1,1.13,,,,0.113871969283,0.48400002718,"('SDLS',)",9e525c12b157463c80dff514b0d4a030
541878,YuGiOh,Structure Deck: Lost Sanctuary,Shining Angel,,SDLS-EN015,Common,Lightly Played 1st Edition,0.34,0,0,0,,1,0.34,,,,0.0994251966476,0.648000001907,"('SDLS',)",ae662108aa7f48eeba9e40c2f8f6c8e3
541882,YuGiOh,Structure Deck: Lost Sanctuary,Soul of Purity and Light,,SDLS-EN016,Common,Lightly Played 1st Edition,0.66,0,0,0,,1,0.66,,,,0.213162705302,0.346000015736,"('SDLS',)",4a16fe61cbc745e2900b82f17a9e48b4
541963,YuGiOh,Structure Deck: Marik,Acid Trap Hole,,SDMA-EN029,Common,Lightly Played 1st Edition,0.23,0,0,0,,1,0.23,,,,0.176665604115,0.401000022888,"('SDMA',)",e80644780a20450fa589941fed6bee0d
541949,YuGiOh,Structure Deck: Marik,Drillago,,SDMA-EN015,Common,Lightly Played 1st Edition,0.28,0,0,0,,1,0.28,,,,0.229575619102,0.618999958038,"('SDMA',)",9040c0cf430b4374b72540d866857d57
541960,YuGiOh,Structure Deck: Marik,Foolish Burial,,SDMA-EN026,Common,Lightly Played 1st Edition,0.24,0,0,0,,1,0.24,,,,0.121695883572,0.695999979973,"('SDMA',)",a21b9dbcfe854268b3d68c9b6fb37671
574766,YuGiOh,Structure Deck: Machina Mayhem,Cyber Dragon,,SDMM-EN013,Common,Lightly Played Unlimited,0.31,0,0,0,,1,0.31,,,,0.171522036195,0.641999959946,"('SDMM',)",d6aa0280207a41faaa1670d2bca81df2
541916,YuGiOh,Structure Deck: Machina Mayhem,Cyber Valley,,SDMM-EN019,Common,Lightly Played 1st Edition,0.51,0,0,0,,1,0.51,,,,0.227531775832,0.536000013351,"('SDMM',)",e7c89a05c1f24e879757286d8f333bef
541923,YuGiOh,Structure Deck: Machina Mayhem,Machine Duplication,,SDMM-EN026,Common,Lightly Played 1st Edition,0.74,0,0,0,,1,0.74,,,,0.104755118489,0.595999956131,"('SDMM',)",c027be2d213144a8abae790c26cd9b4e
541911,YuGiOh,Structure Deck: Machina Mayhem,Proto-Cyber Dragon,,SDMM-EN014,Common,Lightly Played 1st Edition,0.15,0,0,0,,1,0.15,,,,0.230528503656,0.59500002861,"('SDMM',)",b0843b4f90eb4c8f8665aafb2ff6ae21
541927,YuGiOh,Structure Deck: Machina Mayhem,Solidarity,,SDMM-EN030,Common,Lightly Played 1st Edition,5.31,0,0,0,,2,5.31,,,,0.144225895405,0.494000017643,"('SDMM',)",cef5cb45119b4126ae5a738abeaae29b
3008705,YuGiOh,Structure Deck: Master of Pendulum,Goblindbergh,,SDMP-EN021,Common,Lightly Played 1st Edition,0.26,0,0,0,,2,0.26,,,,0.157619282603,0.643999993801,"('SDMP',)",1cee46d1ce5f4eed848ff349e5d1630e
3008815,YuGiOh,Structure Deck: Master of Pendulum,Rune-Eyes Pendulum Dragon,,SDMP-EN043,Common,Lightly Played 1st Edition,0.42,0,0,0,,1,0.42,,,,0.157915219665,0.550999999046,"('SDMP',)",0e9ea2fa4e8746e5b6a6192965e8f2dc
3241577,YuGiOh,Structure Deck: Yugi Muto,Magic Cylinder,,SDMY-EN038,Common,Lightly Played 1st Edition,0.44,0,0,0,,1,0.44,,,,0.137470468879,0.79699999094,"('SDMY',)",7886e9d1c9d4422cb0cc10c7a002590d
3241507,YuGiOh,Structure Deck: Yugi Muto,Magnetic Field,,SDMY-EN024,Common,Lightly Played 1st Edition,2.17,0,0,0,,1,2.17,,,,0.219168439507,0.47000002861,"('SDMY',)",04d1d5dc607b4f7593b8b8daa4a5613e
1073606,YuGiOh,Structure Deck: Onslaught of the Fire Kings,Royal Firestorm Guards,,SDOK-EN012,Common,Lightly Played 1st Edition,0.13,0,0,0,,1,0.13,,,,0.338729560375,0.458000004292,"('SDOK',)",fc855d946ab94159a5bb1fd4833c5ead
3262921,YuGiOh,Structure Deck: Pendulum Domination,D/D Cerberus,,SDPD-EN007,Common,Lightly Played 1st Edition,1.41,0,0,0,,1,1.41,,,,1,0.332000017166,"('SDPD',)",8de5cbb6096c40ec99f7313a285734d2
3262911,YuGiOh,Structure Deck: Pendulum Domination,D/D Lamia,,SDPD-EN005,Super Rare,Lightly Played 1st Edition,0.21,0,0,0,,1,0.21,,,,0.28285497427,0.231000006199,"('SDPD',)",056e1c7018e64c7eb3690f112077b6a7
3263101,YuGiOh,Structure Deck: Pendulum Domination,D/D/D Wave King Caesar,,SDPD-EN043,Common,Lightly Played 1st Edition,1.0,0,0,0,,1,1.0,,,,0.228526622057,0.643999993801,"('SDPD',)",0e2eca054a0a462092e218538db23c6a
3827348,YuGiOh,Structure Deck: Powercode Link,Cosmic Compass,,SDPL-EN019,Common,Lightly Played 1st Edition,0.13,0,0,0,,1,0.13,,,,0.302937597036,0.753000020981,"('SDPL',)",acfdca32e1a34768bd59a18a8585cd02
3827448,YuGiOh,Structure Deck: Powercode Link,Debunk,,SDPL-EN039,Common,Lightly Played 1st Edition,3.4,0,0,0,,1,3.4,,,,0.359226703644,0.575999975204,"('SDPL',)",f7e69678cc6e4000ba956bb4fb555a81
3827393,YuGiOh,Structure Deck: Powercode Link,Fires of Doomsday,,SDPL-EN028,Common,Lightly Played 1st Edition,0.16,0,0,0,,2,0.16,,,,0.129360184073,0.374000012875,"('SDPL',)",261d9f31ac124d6f91a8fe324d69235d
3827373,YuGiOh,Structure Deck: Powercode Link,Forbidden Chalice,,SDPL-EN024,Common,Lightly Played 1st Edition,0.44,0,0,0,,2,0.44,,,,0.189391478896,0.59500002861,"('SDPL',)",18aa131f6bd047d2b69581345eb16033
3827333,YuGiOh,Structure Deck: Powercode Link,Genex Ally Birdman,,SDPL-EN016,Common,Lightly Played 1st Edition,0.09,0,0,0,,1,0.09,,,,0.190089687705,0.461000025272,"('SDPL',)",00616e68b5f04b9eae3df460c36b9510
3827288,YuGiOh,Structure Deck: Powercode Link,Juragedo,,SDPL-EN010,Common,Lightly Played 1st Edition,0.22,0,0,0,,1,0.22,,,,0.21767359972,0.56299996376,"('SDPL',)",1f1491d8a6794dc0a8f1a4c1a54e1093
3827463,YuGiOh,Structure Deck: Powercode Link,LANphorhynchus,,SDPL-EN042,Common,Lightly Played 1st Edition,0.12,0,0,0,,1,0.12,,,,0.054622747004,0.506000041962,"('SDPL',)",e258164c3677405bb363f144acacc623
3827343,YuGiOh,Structure Deck: Powercode Link,Magical Merchant,,SDPL-EN018,Common,Lightly Played 1st Edition,0.78,0,0,0,,2,0.78,,,,0.343956440687,0.611000001431,"('SDPL',)",0042ba3b95064bbebeec841fb1fd1122
3827293,YuGiOh,Structure Deck: Powercode Link,Mecha Phantom Beast Tetherwolf,,SDPL-EN011,Common,Lightly Played 1st Edition,0.24,0,0,0,,1,0.24,,,,0.198797613382,0.416999995708,"('SDPL',)",6abf2d2c4c324bb78827065cd21a9ffc
3827328,YuGiOh,Structure Deck: Powercode Link,Phantom Skyblaster,,SDPL-EN015,Common,Lightly Played 1st Edition,0.25,0,0,0,,1,0.25,,,,0.320176243782,0.669999957085,"('SDPL',)",1ffa0a3729b34140a245b6eb6088d989
3827388,YuGiOh,Structure Deck: Powercode Link,Reasoning,,SDPL-EN027,Common,Lightly Played 1st Edition,0.59,0,0,0,,1,0.59,,,,0.316535264254,0.67199999094,"('SDPL',)",fd1b47395768479b8031bb23d08358bd
3827433,YuGiOh,Structure Deck: Powercode Link,Safe Zone,,SDPL-EN036,Common,Lightly Played 1st Edition,0.36,0,0,0,,1,0.36,,,,0.225712180138,0.585000038147,"('SDPL',)",c707e6c57b6f460a81473339fc207d4b
3827318,YuGiOh,Structure Deck: Powercode Link,Skull Meister,,SDPL-EN013,Common,Lightly Played 1st Edition,0.31,0,0,0,,4,0.31,,,,0.329020261765,0.573000013828,"('SDPL',)",9a9ad184d0bd4d64bade6fde6a67f352
4163849,YuGiOh,Structure Deck: Rokket Revolt,Borrel Regenerator,,SDRR-EN027,Common,Lightly Played 1st Edition,0.2,0,0,0,,1,0.2,,,,0.149962171912,0.574999988079,"('SDRR',)",cea46b6b0d1a4fcea0d2a3b80e62e396
4163764,YuGiOh,Structure Deck: Rokket Revolt,Metalrokket Dragon,,SDRR-EN011,Common,Lightly Played 1st Edition,0.22,0,0,0,,1,0.22,,,,0.189705684781,0.629999995232,"('SDRR',)",10d7b5095cbc4129bb44e89a051bf614
4163724,YuGiOh,Structure Deck: Rokket Revolt,Rokket Recharger,,SDRR-EN003,Common,Lightly Played 1st Edition,2.93,0,0,0,,1,2.93,,,,1,0.325999975204,"('SDRR',)",d237bbab7a1f4e1fb812a9b53942994d
4163860,YuGiOh,Structure Deck: Rokket Revolt,Ruins of the Divine Dragon Lords,,SDRR-EN029,Common,Lightly Played 1st Edition,0.19,0,0,0,,1,0.19,,,,0.126867875457,0.463999986649,"('SDRR',)",a771f8b07938455888ef6c3efa166518
4163759,YuGiOh,Structure Deck: Rokket Revolt,Shelrokket Dragon,,SDRR-EN010,Common,Lightly Played 1st Edition,0.2,0,0,0,,1,0.2,,,,0.220730721951,0.643999993801,"('SDRR',)",e293d67330dd4b058d22bebc144499fc
4163833,YuGiOh,Structure Deck: Rokket Revolt,Squib Draw,,SDRR-EN024,Common,Lightly Played 1st Edition,0.2,0,0,0,,1,0.2,,,,1,0.75,"('SDRR',)",ec52b354a774459c917215eac6c1b6ae
3971022,YuGiOh,Structure Deck: Soulburner,Fencing Fire Ferret,,SDSB-EN017,Common,Lightly Played 1st Edition,0.15,0,0,0,,1,0.15,,,,0.0897958502173,0.529000043869,"('SDSB',)",3daef2da6ae74ea1b2d9d4827e9ed2ee
3971157,YuGiOh,Structure Deck: Soulburner,Flame Administrator,,SDSB-EN044,Common,Lightly Played 1st Edition,0.12,0,0,0,,1,0.12,,,,0.119175828993,0.325999975204,"('SDSB',)",9c599ce5c89b4bd7906bc11d23dc4f24
3971017,YuGiOh,Structure Deck: Soulburner,Flamvell Firedog,,SDSB-EN016,Common,Lightly Played 1st Edition,0.3,0,0,0,,1,0.3,,,,0.279498457909,0.463999986649,"('SDSB',)",916c3766e121443eb3147afdca03fede
3971047,YuGiOh,Structure Deck: Soulburner,Formud Skipper,,SDSB-EN022,Common,Lightly Played 1st Edition,0.21,0,0,0,,1,0.21,,,,0.228524506092,0.334999978542,"('SDSB',)",94ccf25f869b426a97a470b6536cf8b4
3971027,YuGiOh,Structure Deck: Soulburner,Inferno,,SDSB-EN018,Common,Lightly Played 1st Edition,0.17,0,0,0,,1,0.17,,,,0.300889998674,0.56200003624,"('SDSB',)",e8d165001b6f4090984e39d41a32a55e
3971057,YuGiOh,Structure Deck: Soulburner,Salamangreat Claw,,SDSB-EN024,Common,Lightly Played 1st Edition,0.18,0,0,0,,1,0.18,,,,1,0.481999993324,"('SDSB',)",d6a9f80e7c3147f6b08a41d3dc8f7d6a
3970962,YuGiOh,Structure Deck: Soulburner,Salamangreat Fowl,,SDSB-EN005,Common,Lightly Played 1st Edition,0.12,0,0,0,,1,0.12,,,,0.240599229932,0.464999973774,"('SDSB',)",0ef46b0b4ca64b97a741902baf62187e
3970977,YuGiOh,Structure Deck: Soulburner,Salamangreat Foxy,,SDSB-EN008,Common,Lightly Played 1st Edition,0.2,0,0,0,,1,0.2,,,,0.10700558126,0.608999967575,"('SDSB',)",64f67c5ce19149f69aea4042fb524694
3971007,YuGiOh,Structure Deck: Soulburner,"True King Agnimazud, the Vanisher",,SDSB-EN014,Common,Lightly Played 1st Edition,0.21,0,0,0,,1,0.21,,,,0.19875703752,0.320999979973,"('SDSB',)",8640f44f1d3540b5835385d1c5736fe8
3971042,YuGiOh,Structure Deck: Soulburner,Volcanic Shell,,SDSB-EN021,Common,Lightly Played 1st Edition,0.16,0,0,0,,3,0.16,,,,0.189037263393,0.57800000906,"('SDSB',)",6c1a45f98a224e66b60badb53d61538f
3971067,YuGiOh,Structure Deck: Soulburner,Will of the Salamangreat,,SDSB-EN026,Common,Lightly Played 1st Edition,0.07,0,0,0,,2,0.07,,,,0.0483332648873,0.669000029564,"('SDSB',)",81a64c31052144629317bb26541549e3
4340275,YuGiOh,Structure Deck: Shaddoll Showdown,Allure of Darkness,,SDSH-EN028,Common,Lightly Played 1st Edition,0.31,0,0,0,,1,0.31,,,,0.0703276619315,0.631999969482,"('SDSH',)",6fcf67633f8c4c329cbd564649ab79d0
4340060,YuGiOh,Structure Deck: Shaddoll Showdown,Black Luster Soldier - Envoy of the Beginning,,SDSH-EN012,Common,Lightly Played 1st Edition,0.63,0,0,0,,2,0.63,,,,0.100540995598,0.436999976635,"('SDSH',)",1cbebc9f794747caad6de07a47c18423
4340255,YuGiOh,Structure Deck: Shaddoll Showdown,El Shaddoll Fusion,,SDSH-EN024,Common,Lightly Played 1st Edition,0.24,0,0,0,,1,0.24,,,,0.140850782394,0.652999997139,"('SDSH',)",2e6e2db379d04b73a6f91785ad1cb7a6
4340075,YuGiOh,Structure Deck: Shaddoll Showdown,Fairy Tail - Sleeper,,SDSH-EN015,Common,Lightly Played 1st Edition,0.25,0,0,0,,1,0.25,,,,0.0892572700977,0.583999991417,"('SDSH',)",9a7832c5e5c6458e94eebe1f5bf38c61
4340175,YuGiOh,Structure Deck: Shaddoll Showdown,"Felis, Lightsworn Archer",,SDSH-EN018,Common,Lightly Played 1st Edition,0.36,0,0,0,,3,0.36,,,,0.0800846889615,0.425999999046,"('SDSH',)",f35eaf78ebbc44bfa2e6c3f4ebb5ceab
4340280,YuGiOh,Structure Deck: Shaddoll Showdown,Foolish Burial,,SDSH-EN029,Common,Lightly Played 1st Edition,0.31,0,0,0,,6,0.31,,,,0.0940676927567,0.583000004292,"('SDSH',)",a02b6a53f74241f4a79ecd42ca58d80f
4340270,YuGiOh,Structure Deck: Shaddoll Showdown,Instant Fusion,,SDSH-EN027,Common,Lightly Played 1st Edition,0.8,0,0,0,,3,0.8,,,,0.101628385484,0.669999957085,"('SDSH',)",822d9d7993dc44abb6b27d62949bc36e
4340065,YuGiOh,Structure Deck: Shaddoll Showdown,Lava Golem,,SDSH-EN013,Common,Lightly Played 1st Edition,0.79,0,0,0,,2,0.79,,,,0.140808239579,0.519999980927,"('SDSH',)",d107d9b4f87a4bb6a9f23097fcae8111
4340285,YuGiOh,Structure Deck: Shaddoll Showdown,Living Fossil,,SDSH-EN030,Common,Lightly Played 1st Edition,0.26,0,0,0,,3,0.26,,,,0.232561394572,0.445999979973,"('SDSH',)",aea5c8266e724afaa838069c2f381525
4340015,YuGiOh,Structure Deck: Shaddoll Showdown,Naelshaddoll Ariel,,SDSH-EN003,Super Rare,Lightly Played 1st Edition,0.29,0,0,0,,1,0.29,,,,0.271760880947,0.333000004292,"('SDSH',)",dc485370cd5b42599cc0ce2ab2784687
4340330,YuGiOh,Structure Deck: Shaddoll Showdown,Necro Fusion,,SDSH-EN039,Common,Lightly Played 1st Edition,0.12,0,0,0,,1,0.12,,,,0.0225078966469,0.362999975681,"('SDSH',)",b8355bcf79be41c0a4e4c3a232925aef
4340290,YuGiOh,Structure Deck: Shaddoll Showdown,Pot of Avarice,,SDSH-EN031,Common,Lightly Played 1st Edition,0.8,0,0,0,,3,0.8,,,,0.174851760268,0.504999995232,"('SDSH',)",f54e505d1ebb4272a55991739bf914bc
4340355,YuGiOh,Structure Deck: Shaddoll Showdown,Shaddoll Construct,,SDSH-EN044,Common,Lightly Played 1st Edition,0.2,0,0,0,,2,0.2,,,,0.096388541162,0.462000012398,"('SDSH',)",19b90f4c23c041778b0916acc81973e1
4340020,YuGiOh,Structure Deck: Shaddoll Showdown,Shaddoll Falco,,SDSH-EN004,Common,Lightly Played 1st Edition,0.19,0,0,0,,2,0.19,,,,0.139968335629,0.631000041962,"('SDSH',)",df64cb4db22f4cec907d0f041a40ff62
4340380,YuGiOh,Structure Deck: Shaddoll Showdown,Shaddoll Fusion,,SDSH-EN049,Super Rare,Lightly Played 1st Edition,2.04,0,0,0,,2,2.04,,,,0.16891181469,0.397000014782,"('SDSH',)",4869029118d14df1ac066086edd0120c
4340055,YuGiOh,Structure Deck: Shaddoll Showdown,Shaddoll Zefracore,,SDSH-EN011,Common,Lightly Played 1st Edition,0.21,0,0,0,,1,0.21,,,,0.116803310812,0.651000022888,"('SDSH',)",78b605621f8143c4a616b25d8e518d1b
4340310,YuGiOh,Structure Deck: Shaddoll Showdown,Sinister Shadow Games,,SDSH-EN035,Common,Lightly Played 1st Edition,0.18,0,0,0,,1,0.18,,,,0.054438918829,0.551999986172,"('SDSH',)",4659535bbaf34e70a5ffbff9f1a079ba
4340295,YuGiOh,Structure Deck: Shaddoll Showdown,Twin Twisters,,SDSH-EN032,Common,Lightly Played 1st Edition,0.27,0,0,0,,4,0.27,,,,0.0609338916838,0.503000020981,"('SDSH',)",96590ae4be0a49948f0fc8501acc2b6a
937913,YuGiOh,Structure Deck: Samurai Warlords,Rivalry of Warlords,,SDWA-EN033,Common,Lightly Played 1st Edition,0.51,0,0,0,,1,0.51,,,,0.210971742868,0.631999969482,"('SDWA',)",1904ecda240f4c8581e633708bc1a048
8579601,YuGiOh,Structure Deck: Blue-Eyes White Destiny,Ash Blossom & Joyous Spring (Unlimited Misprint),,SDWD-EN017,Common,Lightly Played Unlimited,1.17,0,0,0,,1,1.17,,,,0.142781510949,0.690999984741,"('SDWD',)",e5d6b5e612574625bff01eb52b72f25e
8561326,YuGiOh,Structure Deck: Blue-Eyes White Destiny,Azure-Eyes Silver Dragon,,SDWD-EN039,Common,Lightly Played 1st Edition,0.12,0,0,0,,7,0.12,,,,0.156105488539,0.463999986649,"('SDWD',)",aba2e29a053245de90d3b8aa989225a3
8579551,YuGiOh,Structure Deck: Blue-Eyes White Destiny,Blue-Eyes Abyss Dragon (Unlimited Misprint),,SDWD-EN007,Common,Lightly Played Unlimited,0.12,0,0,0,,9,0.12,,,,0.140322908759,0.462999999523,"('SDWD',)",fd045093b730480aadfaa1c4c8a5c071
8579541,YuGiOh,Structure Deck: Blue-Eyes White Destiny,Blue-Eyes Alternative White Dragon (Unlimited Misprint),,SDWD-EN005,Common,Lightly Played Unlimited,0.2,0,0,0,,8,0.2,,,,0.141021996737,0.547999978065,"('SDWD',)",31bbc273547c496aa54a4d6f0f906ba2
8579566,YuGiOh,Structure Deck: Blue-Eyes White Destiny,Blue-Eyes Chaos Dragon (Unlimited Misprint),,SDWD-EN010,Common,Lightly Played Unlimited,0.14,0,0,0,,10,0.14,,,,0.126695379615,0.71899998188,"('SDWD',)",a764eb9839a744f1b80ad08c98d445cf
8579561,YuGiOh,Structure Deck: Blue-Eyes White Destiny,Blue-Eyes Chaos MAX Dragon (Unlimited Misprint),,SDWD-EN009,Common,Lightly Played Unlimited,0.14,0,0,0,,9,0.14,,,,0.123563893139,0.537000000477,"('SDWD',)",a68d6d439a6f4df3a5d2744620aa50ea
8579546,YuGiOh,Structure Deck: Blue-Eyes White Destiny,Blue-Eyes Jet Dragon (Unlimited Misprint),,SDWD-EN006,Common,Lightly Played Unlimited,0.2,0,0,0,,8,0.2,,,,0.143525123596,0.341000020504,"('SDWD',)",8d994edbb95d4f66b419383b90ebf4f5
8561321,YuGiOh,Structure Deck: Blue-Eyes White Destiny,Blue-Eyes Spirit Dragon,,SDWD-EN038,Common,Lightly Played 1st Edition,0.17,0,0,0,,7,0.17,,,,0.11754475534,0.45300000906,"('SDWD',)",04e89cd4ec404a99bf1102d9d0771a53
8561311,YuGiOh,Structure Deck: Blue-Eyes White Destiny,Blue-Eyes Twin Burst Dragon,,SDWD-EN036,Common,Lightly Played 1st Edition,0.15,0,0,0,,7,0.15,,,,0.0286674909294,0.324999988079,"('SDWD',)",d4f10ba97d8b4398bfc8ec24ce4030df
8561316,YuGiOh,Structure Deck: Blue-Eyes White Destiny,Blue-Eyes Tyrant Dragon,,SDWD-EN037,Common,Lightly Played 1st Edition,0.14,0,0,0,,8,0.14,,,,0.0343168154359,0.675000011921,"('SDWD',)",16120b703da849c2b46c8997e95cc72e
8561301,YuGiOh,Structure Deck: Blue-Eyes White Destiny,Blue-Eyes Ultimate Dragon,,SDWD-EN034,Common,Lightly Played 1st Edition,0.25,0,0,0,,3,0.25,,,,0.00692761456594,0.495000004768,"('SDWD',)",ee13d315f77f40d7b2eb876eda04abab
8579526,YuGiOh,Structure Deck: Blue-Eyes White Destiny,Blue-Eyes White Dragon (SDWD-EN001) (Unlimited Misprint),,SDWD-EN001,Common,Lightly Played Unlimited,0.19,0,0,0,,9,0.19,,,,0.0781791433692,0.618999958038,"('SDWD',)",06cd9f2a131d4ad1b6bc31d65d8b611a
8579531,YuGiOh,Structure Deck: Blue-Eyes White Destiny,Blue-Eyes White Dragon (SDWD-EN002) (Unlimited Misprint),,SDWD-EN002,Common,Lightly Played Unlimited,0.17,0,0,0,,9,0.17,,,,0.148879811168,0.59399998188,"('SDWD',)",3f75fde7cc1a48e5ae7d4c258ab32a51
8561146,YuGiOh,Structure Deck: Blue-Eyes White Destiny,Blue-Eyes White Dragon (SDWD-EN003),,SDWD-EN003,Common,Lightly Played 1st Edition,0.33,0,0,0,,1,0.33,,,,0.336054652929,0.462000012398,"('SDWD',)",906abb6499f049779d0b6b7eaf7df08d
8579536,YuGiOh,Structure Deck: Blue-Eyes White Destiny,Blue-Eyes White Dragon (SDWD-EN003) (Unlimited Misprint),,SDWD-EN003,Common,Lightly Played Unlimited,0.23,0,0,0,,11,0.23,,,,0.138757735491,0.254000008106,"('SDWD',)",787137ffb1d3443798c7940dbda68fcb
8561251,YuGiOh,Structure Deck: Blue-Eyes White Destiny,Burst Stream of Destruction,,SDWD-EN024,Common,Lightly Played 1st Edition,0.14,0,0,0,,10,0.14,,,,0.0798536166549,0.710000038147,"('SDWD',)",671553895c81410c8ac68f93a4374489
8561261,YuGiOh,Structure Deck: Blue-Eyes White Destiny,Called by the Grave,,SDWD-EN026,Common,Lightly Played 1st Edition,0.57,0,0,0,,6,0.57,,,,0.0708362534642,0.350000023842,"('SDWD',)",63f2d52d0018406e84df3eddbbe1b5ca
8579611,YuGiOh,Structure Deck: Blue-Eyes White Destiny,Chaos Form (Unlimited Misprint),,SDWD-EN020,Common,Lightly Played Unlimited,0.11,0,0,0,,6,0.11,,,,0.0881793648005,0.715999960899,"('SDWD',)",58fe143d831f4dbb9db626d4d6c09788
8561281,YuGiOh,Structure Deck: Blue-Eyes White Destiny,Destined Rivals,,SDWD-EN030,Common,Lightly Played 1st Edition,0.15,0,0,0,,6,0.15,,,,0.0459550060332,0.601000010967,"('SDWD',)",43a932657ce0458da11d807c3779c782
8579591,YuGiOh,Structure Deck: Blue-Eyes White Destiny,Dictator of D. (Unlimited Misprint),,SDWD-EN015,Common,Lightly Played Unlimited,0.09,0,0,0,,12,0.09,,,,0.149899840355,0.708000004292,"('SDWD',)",7e7fe85ef63a44fdbdf846979f07244e
8579556,YuGiOh,Structure Deck: Blue-Eyes White Destiny,Dragon Spirit of White (Unlimited Misprint),,SDWD-EN008,Common,Lightly Played Unlimited,0.08,0,0,0,,6,0.08,,,,0.134200766683,0.494000017643,"('SDWD',)",fd3de1c74165413db6b7b8eb3ce3fefb
8579606,YuGiOh,Structure Deck: Blue-Eyes White Destiny,Effect Veiler (Unlimited Misprint),,SDWD-EN018,Common,Lightly Played Unlimited,0.32,0,0,0,,11,0.32,,,,0.141481116414,0.67199999094,"('SDWD',)",b448227aaa4447d0ace5b3147240095b
8561331,YuGiOh,Structure Deck: Blue-Eyes White Destiny,Hieratic Seal of the Heavenly Spheres,,SDWD-EN040,Common,Lightly Played 1st Edition,0.12,0,0,0,,4,0.12,,,,0.0856128111482,0.516999959946,"('SDWD',)",8dff79f14bee4d3baeb9674d376c3648
8561286,YuGiOh,Structure Deck: Blue-Eyes White Destiny,Infinite Impermanence,,SDWD-EN031,Common,Lightly Played 1st Edition,1.44,0,0,0,,1,1.44,,,,0.149600192904,0.262000024319,"('SDWD',)",26a6c077ff6c4e09abd0468cbc8ecbf5
8579586,YuGiOh,Structure Deck: Blue-Eyes White Destiny,Master with Eyes of Blue (Unlimited Misprint),,SDWD-EN014,Common,Lightly Played Unlimited,0.14,0,0,0,,6,0.14,,,,0.152473479509,0.606999993324,"('SDWD',)",1dd42a29633f464082c6d6968db41656
8561246,YuGiOh,Structure Deck: Blue-Eyes White Destiny,Mausoleum of White,,SDWD-EN023,Common,Lightly Played 1st Edition,0.12,0,0,0,,1,0.12,,,,0.0784399732947,0.380999982357,"('SDWD',)",ee1fd9f42fe24a499163fb36a4f953f3
8579626,YuGiOh,Structure Deck: Blue-Eyes White Destiny,Mausoleum of White (Unlimited Misprint),,SDWD-EN023,Common,Lightly Played Unlimited,0.1,0,0,0,,10,0.1,,,,0.132945179939,0.544999957085,"('SDWD',)",a1a0c744093f43a6a175a4cb7c4d7331
8561306,YuGiOh,Structure Deck: Blue-Eyes White Destiny,Neo Blue-Eyes Ultimate Dragon,,SDWD-EN035,Common,Lightly Played 1st Edition,0.17,0,0,0,,7,0.17,,,,0.0801796466112,0.501999974251,"('SDWD',)",41fe360d8bc948659b4bc73ea8a1ea3c
8579596,YuGiOh,Structure Deck: Blue-Eyes White Destiny,"Nibiru, the Primal Being (Unlimited Misprint)",,SDWD-EN016,Common,Lightly Played Unlimited,0.65,0,0,0,,1,0.65,,,,0.104414284229,0.413999974728,"('SDWD',)",cc0e87a57b594f2e98b54ac1f1cb3fde
8579581,YuGiOh,Structure Deck: Blue-Eyes White Destiny,Sage with Eyes of Blue (Unlimited Misprint),,SDWD-EN013,Common,Lightly Played Unlimited,0.14,0,0,0,,21,0.14,,,,0.171721413732,0.519999980927,"('SDWD',)",e88ef95568554d65a6c55a77114b8d45
8561241,YuGiOh,Structure Deck: Blue-Eyes White Destiny,The Melody of Awakening Dragon,,SDWD-EN022,Common,Lightly Played 1st Edition,0.07,0,0,0,,2,0.07,,,,0.116564512253,0.620000004768,"('SDWD',)",eaaa7e953a1f4af6bfe808e515e742c9
8579621,YuGiOh,Structure Deck: Blue-Eyes White Destiny,The Melody of Awakening Dragon (Unlimited Misprint),,SDWD-EN022,Common,Lightly Played Unlimited,0.08,0,0,0,,16,0.08,,,,0.107468888164,0.339999973774,"('SDWD',)",25b47d14011a44f5a04884a65e0b51bd
8561276,YuGiOh,Structure Deck: Blue-Eyes White Destiny,The Ultimate Creature of Destruction,,SDWD-EN029,Common,Lightly Played 1st Edition,0.14,0,0,0,,7,0.14,,,,0.115317739546,0.450999975204,"('SDWD',)",db7912f2b78446bea2a6d3bc764c4cbb
8561191,YuGiOh,Structure Deck: Blue-Eyes White Destiny,The White Stone of Ancients,,SDWD-EN012,Common,Lightly Played 1st Edition,0.14,0,0,0,,1,0.14,,,,0.120829448104,0.53100001812,"('SDWD',)",d05acca91a9741b799780066058bee5b
8579576,YuGiOh,Structure Deck: Blue-Eyes White Destiny,The White Stone of Ancients (Unlimited Misprint),,SDWD-EN012,Common,Lightly Played Unlimited,0.11,0,0,0,,6,0.11,,,,0.139023125172,0.684000015259,"('SDWD',)",5e4b2d32ec1d4aef96d4212a9cdc4b33
8561186,YuGiOh,Structure Deck: Blue-Eyes White Destiny,The White Stone of Legend,,SDWD-EN011,Common,Lightly Played 1st Edition,0.09,0,0,0,,1,0.09,,,,0.162486761808,0.534000039101,"('SDWD',)",0a6be7d3c96c48469639c488b2022f72
8579571,YuGiOh,Structure Deck: Blue-Eyes White Destiny,The White Stone of Legend (Unlimited Misprint),,SDWD-EN011,Common,Lightly Played Unlimited,0.13,0,0,0,,6,0.13,,,,0.164244458079,0.639999985695,"('SDWD',)",9078d4e589de4bf6bc9d74694afdcc83
8561256,YuGiOh,Structure Deck: Blue-Eyes White Destiny,Trade-In,,SDWD-EN025,Common,Lightly Played 1st Edition,0.12,0,0,0,,18,0.12,,,,0.0946570560336,0.590000033379,"('SDWD',)",9f1dcd5715ac4e2eb873300b846c004d
8561271,YuGiOh,Structure Deck: Blue-Eyes White Destiny,True Light,,SDWD-EN028,Common,Lightly Played 1st Edition,0.12,0,0,0,,14,0.12,,,,0.136983081698,0.476000010967,"('SDWD',)",02fd0c3962664ebcb050ecc8b5478225
8561236,YuGiOh,Structure Deck: Blue-Eyes White Destiny,Ultimate Fusion,,SDWD-EN021,Common,Lightly Played 1st Edition,0.1,0,0,0,,2,0.1,,,,0.16847230494,0.376999974251,"('SDWD',)",3451533a5a3542238e7e1996d225c025
8579616,YuGiOh,Structure Deck: Blue-Eyes White Destiny,Ultimate Fusion (Unlimited Misprint),,SDWD-EN021,Common,Lightly Played Unlimited,0.06,0,0,0,,15,0.06,,,,0.151816472411,0.48400002718,"('SDWD',)",553faa9e37b54c998fcee8659ed38efa
542013,YuGiOh,Structure Deck: Warriors' Strike,Spell Striker,,SDWS-EN005,Common,Lightly Played 1st Edition,0.38,0,0,0,,1,0.38,,,,0.291611492634,0.529000043869,"('SDWS',)",cb5253857fd940dab96c7253ff82b5d8
2734991,YuGiOh,Secrets of Eternity,Dance Princess of the Nekroz,,SECE-EN028,Rare,Lightly Played Unlimited,0.49,0,0,0,,3,0.49,,,,0.149941384792,0.585000038147,"('SECE',)",0bbebf5867904372bef3d8383455859a
1279442,YuGiOh,Secrets of Eternity,Explossum,,SECE-EN094,Common,Lightly Played 1st Edition,0.04,0,0,0,,1,0.04,,,,0.219330102205,0.526000022888,"('SECE',)",0e5b7e81dd844d0891026ad959015942
1279937,YuGiOh,Secrets of Eternity,Gogogo Golem - Golden Form,,SECE-EN090,Common,Lightly Played 1st Edition,0.17,0,0,0,,1,0.17,,,,0.321034967899,0.399999976158,"('SECE',)",00539ceb65694bb68cd00fed474df77d
1279712,YuGiOh,Secrets of Eternity,Infernoid Attondel,,SECE-EN018,Common,Lightly Played 1st Edition,0.2,0,0,0,,1,0.2,,,,0.256672441959,0.350000023842,"('SECE',)",3d8bd7043b6d4f089b726e61a8ebd504
1279702,YuGiOh,Secrets of Eternity,Infernoid Piaty,,SECE-EN016,Common,Lightly Played 1st Edition,0.13,0,0,0,,3,0.13,,,,0.249621644616,0.539000034332,"('SECE',)",a1d5349435574b2b92ffaa7c82af9f0d
2734984,YuGiOh,Secrets of Eternity,Infernoid Piaty,,SECE-EN016,Common,Lightly Played Unlimited,0.46,0,0,0,,1,0.46,,,,0.159070447087,0.458999991417,"('SECE',)",5f7e30a660bc42eab78505b0a6125af6
1279792,YuGiOh,Secrets of Eternity,Legendary Maju Garzett,,SECE-EN042,Common,Lightly Played 1st Edition,0.18,0,0,0,,1,0.18,,,,0.178504437208,0.322000026703,"('SECE',)",08abfba366df443b83221bd29c17f4b5
1279492,YuGiOh,Secrets of Eternity,"Libic, Malebranche of the Burning Abyss",,SECE-EN083,Rare,Lightly Played 1st Edition,0.5,0,0,0,,1,0.5,,,,0.265216261148,0.662000000477,"('SECE',)",636ff46438ca4794b404c19006d8f65f
1279932,YuGiOh,Secrets of Eternity,Mischief of the Gnomes,,SECE-EN081,Common,Lightly Played 1st Edition,0.44,0,0,0,,4,0.44,,,,0.139631330967,0.554000020027,"('SECE',)",774f5b54794248c29be6de96ceaa3eab
2736667,YuGiOh,Secrets of Eternity,Raidraptor - Vanishing Lanius,,SECE-EN011,Common,Lightly Played 1st Edition,0.29,0,0,0,,2,0.29,,,,0.251773953438,0.503000020981,"('SECE',)",17e1277336534e8f8f1e87fd49829dd0
1279672,YuGiOh,Secrets of Eternity,Superheavy Samurai Soulpiercer,,SECE-EN009,Common,Lightly Played 1st Edition,0.23,0,0,0,,1,0.23,,,,0.267433673143,0.375999987125,"('SECE',)",b1af31a3f09d430fac3bfa0682b8dabe
1279847,YuGiOh,Secrets of Eternity,Tenacity of the Monarchs,,SECE-EN061,Rare,Lightly Played 1st Edition,0.93,0,0,0,,10,0.93,,,,0.18310187757,0.57800000906,"('SECE',)",ba4b4b30ca9c4571bdfaabb3188ef00b
1279782,YuGiOh,Secrets of Eternity,Uni-Zombie,,SECE-EN040,Common,Lightly Played 1st Edition,0.6,0,0,0,,18,0.6,,,,0.200960963964,0.449999988079,"('SECE',)",7d0956cf72a84346bb4c5be8172f0c1e
2734999,YuGiOh,Secrets of Eternity,Uni-Zombie,,SECE-EN040,Common,Lightly Played Unlimited,0.5,0,0,0,,1,0.5,,,,0.160613134503,0.641999959946,"('SECE',)",8696a6d026e043e38970f230f5184878
1279907,YuGiOh,Secrets of Eternity,Unpossessed,,SECE-EN076,Common,Lightly Played 1st Edition,0.1,0,0,0,,1,0.1,,,,0.312194854021,0.534999966621,"('SECE',)",e7eeb047284f4910bf429f210b09d37a
1279732,YuGiOh,Secrets of Eternity,Yosenju Tsujik,,SECE-EN027,Common,Lightly Played 1st Edition,0.13,0,0,0,,1,0.13,,,,0.282448589802,0.411000013351,"('SECE',)",6d42265fb9224110a03b7dd7da3706db
5472389,YuGiOh,Speed Duel GX: Duel Academy Box,Ancient City - Rainbow Ruins,,SGX1-ENF10,Common,Lightly Played 1st Edition,0.1,0,0,0,,1,0.1,,,,0.19651670754,0.434000015259,"('SGX1',)",44902573004647a880495bc9ec29dd12
1140710,YuGiOh,Shadow Specters,Armed Protector Dragon,,SHSP-EN012,Common,Lightly Played 1st Edition,0.25,0,0,0,,1,0.25,,,,0.256966233253,0.499000012875,"('SHSP',)",78545f32e7604cda85bc70e6e4350cbb
1140735,YuGiOh,Shadow Specters,Baby Raccoon Ponpoko,,SHSP-EN014,Common,Lightly Played 1st Edition,0.15,0,0,0,,1,0.15,,,,0.201401621103,0.394999980927,"('SHSP',)",ab00915c8ff04c90b208e77ca2660e6a
1140745,YuGiOh,Shadow Specters,Baby Raccoon Tantan,,SHSP-EN015,Common,Lightly Played 1st Edition,0.2,0,0,0,,1,0.2,,,,0.274292051792,0.708000004292,"('SHSP',)",003f6a36ea5d46f19816db7cbaebd380
1140810,YuGiOh,Shadow Specters,Bujingi Ibis,,SHSP-EN024,Common,Lightly Played 1st Edition,0.14,0,0,0,,1,0.14,,,,0.269240707159,0.702000021935,"('SHSP',)",e07b281584c346b1bd570ce4dd29690f
3142731,YuGiOh,Shining Victories,Blackwing - Decay the Ill Wind,,SHVI-EN017,Common,Lightly Played 1st Edition,0.13,0,0,0,,6,0.13,,,,0.250701636076,0.513000011444,"('SHVI',)",1f90bd56c63645d986eeec934623f774
3142706,YuGiOh,Shining Victories,Lunalight Black Sheep,,SHVI-EN011,Common,Lightly Played 1st Edition,1.96,0,0,0,,9,1.96,,,,0.323319405317,0.489000022411,"('SHVI',)",7cb2df6369b94daea4d0a7b0f2fcfe90
3149793,YuGiOh,Shining Victories,Lunalight Black Sheep,,SHVI-EN011,Common,Lightly Played Unlimited,2.0,0,0,0,,2,2.0,,,,0.153782039881,0.606999993324,"('SHVI',)",ef108bc75c754a77b01d29ed166a3bac
3142856,YuGiOh,Shining Victories,Lunalight Cat Dancer,,SHVI-EN046,Rare,Lightly Played 1st Edition,0.69,0,0,0,,3,0.69,,,,0.228802412748,0.516999959946,"('SHVI',)",35d24c7601db462fb4c2b7b2ace46700
3142696,YuGiOh,Shining Victories,Lunalight Purple Butterfly,,SHVI-EN009,Common,Lightly Played 1st Edition,0.28,0,0,0,,8,0.28,,,,0.243542969227,0.549000024796,"('SHVI',)",09d74d300c62434c80f02149f0fc5a1b
3142716,YuGiOh,Shining Victories,Lunalight Tiger,,SHVI-EN013,Common,Lightly Played 1st Edition,0.25,0,0,0,,3,0.25,,,,0.252535969019,0.269999980927,"('SHVI',)",e1d3a8a30cf04f208330eae357c17517
3142701,YuGiOh,Shining Victories,Lunalight White Rabbit,,SHVI-EN010,Common,Lightly Played 1st Edition,0.28,0,0,0,,8,0.28,,,,0.271857619286,0.574000000954,"('SHVI',)",8c36f2668f26433e9e0f2851cad39fa4
3142711,YuGiOh,Shining Victories,Lunalight Wolf,,SHVI-EN012,Common,Lightly Played 1st Edition,1.36,0,0,0,,4,1.36,,,,0.259827136993,0.529000043869,"('SHVI',)",328d63255d1843a0b2da0c9e653b9cb7
3150028,YuGiOh,Shining Victories,Rank-Up-Magic Skip Force,,SHVI-EN058,Rare,Lightly Played Unlimited,0.57,0,0,0,,1,0.57,,,,0.168490856886,0.634000003338,"('SHVI',)",7ef2879c54ed4d6e9b37d38e5bf9c4c4
3143111,YuGiOh,Shining Victories,Rise to Full Height,,SHVI-EN077,Common,Lightly Played 1st Edition,0.51,0,0,0,,3,0.51,,,,0.202325507998,0.557000041008,"('SHVI',)",ea71da06d385406482854ea81086bb5e
3150123,YuGiOh,Shining Victories,Rise to Full Height,,SHVI-EN077,Common,Lightly Played Unlimited,0.45,0,0,0,,1,0.45,,,,0.0856285989285,0.587999999523,"('SHVI',)",16af33db9fb4412da8f8ac4207895cc5
3143006,YuGiOh,Shining Victories,"Thunder King, the Lightningstrike Kaiju",,SHVI-EN087,Rare,Lightly Played 1st Edition,0.54,0,0,0,,2,0.54,,,,0.19868734479,0.651000022888,"('SHVI',)",f23324f7dc16435cb3c0538bfe92c324
3150173,YuGiOh,Shining Victories,"Thunder King, the Lightningstrike Kaiju",,SHVI-EN087,Rare,Lightly Played Unlimited,0.6,0,0,0,,1,0.6,,,,0.17687818408,0.537999987602,"('SHVI',)",7c6b908ae8a7482692fdab7f94f566e9
573828,YuGiOh,Starter Deck: Kaiba Evolution,Mystic Tomato,,SKE-021,Common,Lightly Played Unlimited,0.43,0,0,0,,4,0.43,,,,0.0949017331004,0.495999991894,"('SKE',)",e93ad123571a41a592e5af793b77b0a5
573846,YuGiOh,Starter Deck: Kaiba Evolution,Premature Burial,,SKE-039,Common,Lightly Played Unlimited,0.5,0,0,0,,3,0.5,,,,0.0728168860078,0.618000030518,"('SKE',)",67c0517f9c4f4ef1ae3422f1916fc009
540483,YuGiOh,Soul of the Duelist,Ultimate Baseball Kid,,SOD-EN021,Common,Lightly Played 1st Edition,0.41,0,0,0,,1,0.41,,,,0.214695617557,0.608000040054,"('SOD',)",c754fe25abcc4961895a513b58505aa4
3894813,YuGiOh,Soul Fusion,Dinowrestler Pankratops,,SOFU-EN009,Common,Lightly Played 1st Edition,0.23,0,0,0,,1,0.23,,,,0.196859583259,0.59500002861,"('SOFU',)",da9e1af4d9124896a333fcf34b9613aa
3923220,YuGiOh,Soul Fusion,Gravekeeper's Spiritualist,,SOFU-EN013,Common,Lightly Played Unlimited,0.27,0,0,0,,3,0.27,,,,0.162794530392,0.740999996662,"('SOFU',)",cd9790885c5945abb476be2b57b0f2e9
3895268,YuGiOh,Soul Fusion,Orcustrated Attack,,SOFU-EN070,Common,Lightly Played 1st Edition,0.18,0,0,0,,1,0.18,,,,0.249696388841,0.464999973774,"('SOFU',)",06c522a21ae747bca706c6f977c26517
3895273,YuGiOh,Soul Fusion,Orcustrated Core,,SOFU-EN071,Common,Lightly Played 1st Edition,0.18,0,0,0,,3,0.18,,,,0.189204469323,0.755999982357,"('SOFU',)",cbedfbd69f5d4cd3ad22180bea0a0293
3894853,YuGiOh,Soul Fusion,"World Legacy - ""World Wand""",,SOFU-EN017,Common,Lightly Played 1st Edition,0.25,0,0,0,,3,0.25,,,,0.242326438427,0.605000019073,"('SOFU',)",6ff7a1c389014c4088f18f7ac1f57833
573193,YuGiOh,Shadow of Infinity,Ancient Gear Cannon,,SOI-EN009,Common,Lightly Played Unlimited,0.35,0,0,0,,1,0.35,,,,0.145305708051,0.608000040054,"('SOI',)",7fcf689d4d3e44feab01f917adcb06dc
540337,YuGiOh,Shadow of Infinity,Ancient Gear Cannon,,SOI-EN009,Common,Lightly Played 1st Edition,0.34,0,0,0,,6,0.34,,,,0.162538945675,0.542999982834,"('SOI',)",3f7c400736b94e56afd6027667481060
540367,YuGiOh,Shadow of Infinity,Ancient Gear Factory,,SOI-EN039,Common,Lightly Played 1st Edition,0.22,0,0,0,,4,0.22,,,,0.0940970703959,0.605000019073,"('SOI',)",6de82dbd89804dee8bd2c66be07ad979
573235,YuGiOh,Shadow of Infinity,Attack Reflector Unit,,SOI-EN051,Common,Lightly Played Unlimited,0.24,0,0,0,,1,0.24,,,,0.131507456303,0.680000007153,"('SOI',)",aabb7d1d59344157adc46f4a8486de57
540354,YuGiOh,Shadow of Infinity,Beelze Frog,,SOI-EN026,Common,Lightly Played 1st Edition,0.48,0,0,0,,2,0.48,,,,0.249582856894,0.487999975681,"('SOI',)",6dc2f618f0d94e668d184cf7fc88cab7
540343,YuGiOh,Shadow of Infinity,Chain Thrasher,,SOI-EN015,Common,Lightly Played 1st Edition,0.19,0,0,0,,1,0.19,,,,0.281715393066,0.654000043869,"('SOI',)",e6ac40d0faff41e185327c51e0118a88
540344,YuGiOh,Shadow of Infinity,Disciple of the Forbidden Spell,,SOI-EN016,Common,Lightly Played 1st Edition,0.22,0,0,0,,2,0.22,,,,0.266200870275,0.459999978542,"('SOI',)",1fbd512d62d34116863b89c12843c6e3
573240,YuGiOh,Shadow of Infinity,Full Salvo,,SOI-EN056,Common,Lightly Played Unlimited,0.11,0,0,0,,1,0.11,,,,0.143755912781,0.430999994278,"('SOI',)",3d271c032f934cac855e1546ef7c6798
540366,YuGiOh,Shadow of Infinity,Magnet Circle LV2,,SOI-EN038,Common,Lightly Played 1st Edition,0.19,0,0,0,,4,0.19,,,,0.13325932622,0.57800000906,"('SOI',)",d50354d1b03e48b686f3908352793f9e
573214,YuGiOh,Shadow of Infinity,Malice Ascendant,,SOI-EN030,Common,Lightly Played Unlimited,0.19,0,0,0,,1,0.19,,,,0.173508197069,0.611000001431,"('SOI',)",11ff26da9d8942cbb4bb453aba452871
573202,YuGiOh,Shadow of Infinity,Parasitic Ticky,,SOI-EN018,Common,Lightly Played Unlimited,0.08,0,0,0,,1,0.08,,,,0.153832137585,0.356999993324,"('SOI',)",811759d765b34c02ad0ca3595ed281c2
540376,YuGiOh,Shadow of Infinity,Samsara,,SOI-EN048,Common,Lightly Played 1st Edition,0.35,0,0,0,,1,0.35,,,,0.159382537007,0.67199999094,"('SOI',)",b3fb1ef726ca493caabbeb4f920e1c08
540371,YuGiOh,Shadow of Infinity,Symbol of Heritage,,SOI-EN043,Common,Lightly Played 1st Edition,0.22,0,0,0,,4,0.22,,,,0.279957085848,0.57800000906,"('SOI',)",5a8a196c407d4821ae453be0b2e0be2f
573489,YuGiOh,Stardust Overdrive,Bending Destiny,,SOVR-EN066,Common,Lightly Played Unlimited,0.29,0,0,0,,3,0.29,,,,0.193226754665,0.48400002718,"('SOVR',)",4ef8c3e74fc24ea0bcd5aa03ddb560cd
540633,YuGiOh,Stardust Overdrive,Bending Destiny,,SOVR-EN066,Common,Lightly Played 1st Edition,0.25,0,0,0,,1,0.25,,,,0.201504021883,0.513000011444,"('SOVR',)",d521386f24584c0986a15b3f704ecbfb
573431,YuGiOh,Stardust Overdrive,Infernity Necromancer,,SOVR-EN008,Common,Lightly Played Unlimited,0.43,0,0,0,,1,0.43,,,,0.164961606264,0.513999998569,"('SOVR',)",7a9cdab6dfb54eaf8c6608c3cde324b0
540572,YuGiOh,Stardust Overdrive,Level Eater,,SOVR-EN005,Common,Lightly Played 1st Edition,0.43,0,0,0,,2,0.43,,,,0.250222116709,0.633000016212,"('SOVR',)",794fb06d2e9c4afcae5d61827564da8c
573428,YuGiOh,Stardust Overdrive,Level Eater,,SOVR-EN005,Common,Lightly Played Unlimited,0.37,0,0,0,,5,0.37,,,,0.159603327513,0.643999993801,"('SOVR',)",59775ac21e1e4a94a4d165a303239219
573444,YuGiOh,Stardust Overdrive,Reptilianne Medusa,,SOVR-EN021,Common,Lightly Played Unlimited,0.24,0,0,0,,1,0.24,,,,0.133788526058,0.524999976158,"('SOVR',)",00fb74880de845ce999f71bea9f7f1c0
573445,YuGiOh,Stardust Overdrive,Reptilianne Scylla,,SOVR-EN022,Common,Lightly Played Unlimited,0.23,0,0,0,,3,0.23,,,,0.179140388966,0.652000010014,"('SOVR',)",39ea06c666d94c53ba1caf9323c7de3e
573446,YuGiOh,Stardust Overdrive,Reptilianne Viper,,SOVR-EN023,Common,Lightly Played Unlimited,0.51,0,0,0,,1,0.51,,,,0.175068005919,0.689999997616,"('SOVR',)",7ddd3e9ab8ad442e9e09418d46d77596
573501,YuGiOh,Stardust Overdrive,Stygian Dirge,,SOVR-EN078,Common,Lightly Played Unlimited,0.39,0,0,0,,1,0.39,,,,0.085478708148,0.657000005245,"('SOVR',)",36def5f4da784da5ab83bf0429ec2adc
573457,YuGiOh,Stardust Overdrive,Swap Frog,,SOVR-EN034,Common,Lightly Played Unlimited,0.57,0,0,0,,2,0.57,,,,0.0766273438931,0.198000013828,"('SOVR',)",915a9afe142642cb8699b08a60787b15
573429,YuGiOh,Stardust Overdrive,Zero Gardna,,SOVR-EN006,Rare,Lightly Played Unlimited,0.34,0,0,0,,1,0.34,,,,0.00709506729618,0.402999997139,"('SOVR',)",344c45bbc7d446cb815fb5a90398bf1d
1147439,YuGiOh,Star Pack 2013,Arcana Force EX - The Dark Ruler,,SP13-EN043,Common,Lightly Played Unlimited,5.72,0,0,0,,1,5.72,,,,0.148654401302,0.407000005245,"('SP13',)",5dd8d37fb91f4552b9c403fe4f36efc0
1147419,YuGiOh,Star Pack 2013,Gandora the Dragon of Destruction,,SP13-EN041,Common,Lightly Played Unlimited,0.58,0,0,0,,1,0.58,,,,0.150896728039,0.441999971867,"('SP13',)",16cfad1e8c1446a9a9976aed12d82729
1147092,YuGiOh,Star Pack 2013,Kagetokage,,SP13-EN009,Common,Lightly Played 1st Edition,0.51,0,0,0,,1,0.51,,,,0.231439188123,0.532000005245,"('SP13',)",e033fc18cf4545c892459e0c9847dd2c
1147097,YuGiOh,Star Pack 2013,Kagetokage,,SP13-EN009,Common,Lightly Played Unlimited,0.43,0,0,0,,2,0.43,,,,0.14952377975,0.495999991894,"('SP13',)",0abefd3ef1b4464d8c5af551d5726d2b
1169901,YuGiOh,Star Pack 2014,Magical Merchant,,SP14-EN040,Common,Lightly Played 1st Edition,0.86,0,0,0,,3,0.86,,,,0.202904865146,0.504000008106,"('SP14',)",64cd5bad1f874600af167f660745f700
1169856,YuGiOh,Star Pack 2014,Malefic Truth Dragon,,SP14-EN044,Common,Lightly Played 1st Edition,0.59,0,0,0,,2,0.59,,,,0.382061749697,0.600000023842,"('SP14',)",c5682851ffc24f45ab279e8b007586d9
1169666,YuGiOh,Star Pack 2014,Photon Thrasher,,SP14-EN007,Common,Lightly Played 1st Edition,0.46,0,0,0,,1,0.46,,,,0.247517675161,0.623000025749,"('SP14',)",9a02c9f46339493fbd9eed8ab247ce8d
3321595,YuGiOh,Star Pack - Battle Royal,D/D/D Oracle King d'Arc,,SP17-EN040,Common,Lightly Played 1st Edition,0.34,0,0,0,,1,0.34,,,,0.169274836779,0.75,"('SP17',)",a76ca88708f6413f994f75cb1926ed66
3067807,YuGiOh,Structure Deck: Emperor of Darkness,Berlineth the Firestorm Vassal,,SR01-EN014,Common,Lightly Played 1st Edition,0.47,0,0,0,,1,0.47,,,,0.357120841742,0.333999991417,"('SR01',)",9e28ebea6f2f4ecfb03f9099f5bd5c48
3462908,YuGiOh,Structure Deck: Dinosmasher's Fury,Miracle Jurassic Egg,,SR04-EN011,Common,Lightly Played Unlimited,0.19,0,0,0,,1,0.19,,,,0.120957002044,0.585000038147,"('SR04',)",2656df67deb94502862ee36a232c5bab
3327936,YuGiOh,Structure Deck: Dinosmasher's Fury,Miscellaneousaurus,,SR04-EN014,Common,Lightly Played 1st Edition,0.28,0,0,0,,1,0.28,,,,0.279384583235,0.29699999094,"('SR04',)",8fc4e513f2544d8796ef8b282dc0a1ba
3462918,YuGiOh,Structure Deck: Dinosmasher's Fury,Nightmare Archfiends,,SR04-EN035,Common,Lightly Played Unlimited,0.18,0,0,0,,1,0.18,,,,0.164579302073,0.534000039101,"('SR04',)",82d8aa6d857549f2a7b4e1d4b742bc34
3462923,YuGiOh,Structure Deck: Dinosmasher's Fury,Ojama Trio,,SR04-EN034,Common,Lightly Played Unlimited,0.46,0,0,0,,1,0.46,,,,0.1360899508,0.662000000477,"('SR04',)",122178ecb29d4f78af8a80000e499096
3463028,YuGiOh,Structure Deck: Dinosmasher's Fury,Ultimate Conductor Tyranno,,SR04-EN001,Ultra Rare,Lightly Played Unlimited,0.34,0,0,0,,2,0.34,,,,0.110013753176,0.00599998235703,"('SR04',)",f6bcfdab5f75470595fcaab5016950c7
3571105,YuGiOh,Structure Deck: Wave of Light,Recall,,SR05-EN040,Common,Lightly Played 1st Edition,0.15,0,0,0,,2,0.15,,,,0.105532772839,0.560000002384,"('SR05',)",e1be7973944743c7ac109b8d3d330ccd
3641702,YuGiOh,Structure Deck: Lair of Darkness,Rise to Full Height,,SR06-EN038,Common,Lightly Played 1st Edition,0.46,0,0,0,,1,0.46,,,,0.0579847916961,0.564999997616,"('SR06',)",c885f816a24d400880e900a21a7144a0
6739131,YuGiOh,Structure Deck: Dark World,Danger! Mothman!,,SR13-EN020,Common,Lightly Played 1st Edition,0.33,0,0,0,,1,0.33,,,,0.237858876586,0.166000008583,"('SR13',)",a9f289c015cd45d684151e517ebe653b
7584690,YuGiOh,Structure Deck: Fire Kings,Fire Formation - Tenki,,SR14-EN029,Common,Lightly Played 1st Edition,0.27,0,0,0,,1,0.27,,,,0.186359837651,0.59500002861,"('SR14',)",f3accb0f41c6478e8a91d5cd69768a98
7018197,YuGiOh,Spell Ruler (25th Anniversary Edition),Curse of Fiend,,SRL-EN032,Common,Lightly Played Unlimited,0.11,0,0,0,,1,0.11,,,,0.0839378237724,0.462000012398,"('SRL',)",2b98be19ca0d479d9970f1c1894d8df3
7124931,YuGiOh,Spell Ruler (25th Anniversary Edition),Jigen Bakudan,,SRL-EN074,Common,Lightly Played Unlimited,0.13,0,0,0,,1,0.13,,,,0.153353512287,0.448000013828,"('SRL',)",25e72f5dafde43959f331fa36399fc4a
3164991,YuGiOh,Spell Ruler,Queen Bird,,SRL-009,Common,Lightly Played Unlimited,0.1,0,0,0,,1,0.1,,,,0.0888884216547,0.498000025749,"('SRL',)",ecf4257e442c4ef187715be145229cc1
7018522,YuGiOh,Spell Ruler (25th Anniversary Edition),Sonic Bird,,SRL-EN093,Common,Lightly Played Unlimited,0.22,0,0,0,,1,0.22,,,,0.112694948912,0.649999976158,"('SRL',)",3a11050886634689b3a800e7fe208028
541320,YuGiOh,Storm of Ragnarok,Mimir of the Nordic Ascendant,,STOR-EN018,Common,Lightly Played 1st Edition,0.13,0,0,0,,1,0.13,,,,0.234689950943,0.569000005722,"('STOR',)",2fbc798d081443a9a751747c81ae6f40
575053,YuGiOh,The Duelist Genesis,Krebons,,TDGS-EN018,Common,Lightly Played Unlimited,0.32,0,0,0,,1,0.32,,,,0.182766646147,0.494000017643,"('TDGS',)",3ddd1549015d4d28a75ca8992883e3e3
4531476,YuGiOh,Toon Chaos,Pot of Extravagance,,TOCH-EN059,Ultra Rare,Lightly Played Unlimited,2.14,0,0,0,,1,2.14,,,,0.00975768640637,0.564999997616,"('TOCH',)",2a0646d42d464ba89c686c4c61e0e745
1051722,YuGiOh,Turbo Pack: Booster Seven,Blackwing - Sirocco the Dawn,,TU07-EN018,Common,Lightly Played Unlimited,1.3,0,0,0,,1,1.3,,,,0.195557385683,0.546000003815,"('TU07',)",6c1117b1d7784307a98476253597827c
